2026-07-24 16:26:16 | INFO | med_rag_api.main | app_created version=0.0.1 retrieval_mode=sample backend=constrained10
2026-07-24 16:26:16 | INFO | med_rag_api.app.core.exceptions | validation_error path=/api/v1/echo errors=[{'type': 'string_too_short', 'loc': ('body', 'message'), 'msg': 'String should have at least 1 character', 'input': '', 'ctx': {'min_length': 1}}]
2026-07-24 16:26:16 | INFO | med_rag_api.middleware | request method=POST path=/api/v1/echo status=400 request_id=d1028eb3-7f67-4b39-8e27-0443f69d11f1 elapsed_ms=2.4
2026-07-24 16:26:16 | INFO | med_rag_api.main | app_created version=0.0.1 retrieval_mode=sample backend=constrained10
2026-07-24 16:26:16 | INFO | med_rag_api.app.core.exceptions | validation_error path=/api/v1/echo errors=[{'type': 'missing', 'loc': ('body', 'message'), 'msg': 'Field required', 'input': {}}]
2026-07-24 16:26:16 | INFO | med_rag_api.middleware | request method=POST path=/api/v1/echo status=400 request_id=31a41de6-cf9d-4c5a-89ab-5d0fc3df1cab elapsed_ms=2.8
2026-07-24 16:26:16 | INFO | med_rag_api.main | app_created version=0.0.1 retrieval_mode=sample backend=constrained10
2026-07-24 16:26:16 | INFO | med_rag_api.middleware | request method=POST path=/api/v1/echo status=200 request_id=42a021a3-2c10-4ee6-80c9-e4e3c394dceb elapsed_ms=2.5
2026-07-24 16:26:16 | INFO | med_rag_api.main | app_created version=0.0.1 retrieval_mode=sample backend=constrained10
2026-07-24 16:26:16 | WARNING | med_rag_api.app.core.exceptions | app_exception code=1001 status=400 path=/api/v1/_demo_error detail=demo param
2026-07-24 16:26:16 | INFO | med_rag_api.middleware | request method=GET path=/api/v1/_demo_error status=400 request_id=899e7bc0-fedc-46dc-9026-8cd92aa74d4b elapsed_ms=2.5
2026-07-24 16:26:16 | INFO | med_rag_api.main | app_created version=0.0.1 retrieval_mode=sample backend=constrained10
2026-07-24 16:26:16 | WARNING | med_rag_api.app.core.exceptions | app_exception code=4001 status=502 path=/api/v1/_demo_error detail=demo model
2026-07-24 16:26:16 | INFO | med_rag_api.middleware | request method=GET path=/api/v1/_demo_error status=502 request_id=242350d3-3a1d-43ed-a899-a91e89b0b53f elapsed_ms=2.6
2026-07-24 16:26:16 | INFO | med_rag_api.main | app_created version=0.0.1 retrieval_mode=sample backend=constrained10
2026-07-24 16:26:16 | ERROR | med_rag_api.middleware | request_failed method=GET path=/api/v1/_demo_error request_id=afa01fa3-91cb-4f2a-986a-8ec37e9495cb elapsed_ms=2.3
Traceback (most recent call last):
  File "D:\谷歌\11 服务化与接口开发第一部分\app\core\middleware.py", line 29, in dispatch
    response = await call_next(request)
               ^^^^^^^^^^^^^^^^^^^^^^^^
  File "C:\Users\10138\miniconda3\Lib\site-packages\starlette\middleware\base.py", line 168, in call_next
    raise app_exc from app_exc.__cause__ or app_exc.__context__
  File "C:\Users\10138\miniconda3\Lib\site-packages\starlette\middleware\base.py", line 144, in coro
    await self.app(scope, receive_or_disconnect, send_no_error)
  File "C:\Users\10138\miniconda3\Lib\site-packages\starlette\middleware\exceptions.py", line 63, in __call__
    await wrap_app_handling_exceptions(self.app, conn)(scope, receive, send)
  File "C:\Users\10138\miniconda3\Lib\site-packages\starlette\_exception_handler.py", line 53, in wrapped_app
    raise exc
  File "C:\Users\10138\miniconda3\Lib\site-packages\starlette\_exception_handler.py", line 42, in wrapped_app
    await app(scope, receive, sender)
  File "C:\Users\10138\miniconda3\Lib\site-packages\fastapi\middleware\asyncexitstack.py", line 18, in __call__
    await self.app(scope, receive, send)
  File "C:\Users\10138\miniconda3\Lib\site-packages\starlette\routing.py", line 660, in __call__
    await self.middleware_stack(scope, receive, send)
  File "C:\Users\10138\miniconda3\Lib\site-packages\fastapi\routing.py", line 2685, in app
    await route.handle(scope, receive, send)
  File "C:\Users\10138\miniconda3\Lib\site-packages\fastapi\routing.py", line 1766, in handle
    await self.original_router.handle(scope, receive, send)
  File "C:\Users\10138\miniconda3\Lib\site-packages\fastapi\routing.py", line 2740, in handle
    await included_router._handle_selected(scope, receive, send)
  File "C:\Users\10138\miniconda3\Lib\site-packages\fastapi\routing.py", line 1786, in _handle_selected
    await original_route.handle(scope, receive, send)
  File "C:\Users\10138\miniconda3\Lib\site-packages\fastapi\routing.py", line 1265, in handle
    await app(scope, receive, send)
  File "C:\Users\10138\miniconda3\Lib\site-packages\fastapi\routing.py", line 151, in app
    await wrap_app_handling_exceptions(app, request)(scope, receive, send)
  File "C:\Users\10138\miniconda3\Lib\site-packages\starlette\_exception_handler.py", line 53, in wrapped_app
    raise exc
  File "C:\Users\10138\miniconda3\Lib\site-packages\starlette\_exception_handler.py", line 42, in wrapped_app
    await app(scope, receive, sender)
  File "C:\Users\10138\miniconda3\Lib\site-packages\fastapi\routing.py", line 137, in app
    response = await f(request)
               ^^^^^^^^^^^^^^^^
  File "C:\Users\10138\miniconda3\Lib\site-packages\fastapi\routing.py", line 691, in app
    raw_response = await run_endpoint_function(
                   ^^^^^^^^^^^^^^^^^^^^^^^^^^^^
    ...<3 lines>...
    )
    ^
  File "C:\Users\10138\miniconda3\Lib\site-packages\fastapi\routing.py", line 347, in run_endpoint_function
    return await run_in_threadpool(dependant.call, **values)
           ^^^^^^^^^^^^^^^^^^^^^^^^^^^^^^^^^^^^^^^^^^^^^^^^^
  File "C:\Users\10138\miniconda3\Lib\site-packages\starlette\concurrency.py", line 34, in run_in_threadpool
    return await anyio.to_thread.run_sync(func)
           ^^^^^^^^^^^^^^^^^^^^^^^^^^^^^^^^^^^^
  File "C:\Users\10138\miniconda3\Lib\site-packages\anyio\to_thread.py", line 63, in run_sync
    return await get_async_backend().run_sync_in_worker_thread(
           ^^^^^^^^^^^^^^^^^^^^^^^^^^^^^^^^^^^^^^^^^^^^^^^^^^^^
        func, args, abandon_on_cancel=abandon_on_cancel, limiter=limiter
        ^^^^^^^^^^^^^^^^^^^^^^^^^^^^^^^^^^^^^^^^^^^^^^^^^^^^^^^^^^^^^^^^
    )
    ^
  File "C:\Users\10138\miniconda3\Lib\site-packages\anyio\_backends\_asyncio.py", line 2502, in run_sync_in_worker_thread
    return await future
           ^^^^^^^^^^^^
  File "C:\Users\10138\miniconda3\Lib\site-packages\anyio\_backends\_asyncio.py", line 986, in run
    result = context.run(func, *args)
  File "D:\谷歌\11 服务化与接口开发第一部分\app\api\health.py", line 97, in demo_error
    raise RuntimeError("demo boom")
RuntimeError: demo boom
2026-07-24 16:26:16 | ERROR | med_rag_api.app.core.exceptions | unhandled_error path=/api/v1/_demo_error
Traceback (most recent call last):
  File "C:\Users\10138\miniconda3\Lib\site-packages\starlette\middleware\errors.py", line 164, in __call__
    await self.app(scope, receive, _send)
  File "C:\Users\10138\miniconda3\Lib\site-packages\starlette\middleware\base.py", line 193, in __call__
    response = await self.dispatch_func(request, call_next)
               ^^^^^^^^^^^^^^^^^^^^^^^^^^^^^^^^^^^^^^^^^^^^
  File "D:\谷歌\11 服务化与接口开发第一部分\app\core\middleware.py", line 29, in dispatch
    response = await call_next(request)
               ^^^^^^^^^^^^^^^^^^^^^^^^
  File "C:\Users\10138\miniconda3\Lib\site-packages\starlette\middleware\base.py", line 168, in call_next
    raise app_exc from app_exc.__cause__ or app_exc.__context__
  File "C:\Users\10138\miniconda3\Lib\site-packages\starlette\middleware\base.py", line 144, in coro
    await self.app(scope, receive_or_disconnect, send_no_error)
  File "C:\Users\10138\miniconda3\Lib\site-packages\starlette\middleware\exceptions.py", line 63, in __call__
    await wrap_app_handling_exceptions(self.app, conn)(scope, receive, send)
  File "C:\Users\10138\miniconda3\Lib\site-packages\starlette\_exception_handler.py", line 53, in wrapped_app
    raise exc
  File "C:\Users\10138\miniconda3\Lib\site-packages\starlette\_exception_handler.py", line 42, in wrapped_app
    await app(scope, receive, sender)
  File "C:\Users\10138\miniconda3\Lib\site-packages\fastapi\middleware\asyncexitstack.py", line 18, in __call__
    await self.app(scope, receive, send)
  File "C:\Users\10138\miniconda3\Lib\site-packages\starlette\routing.py", line 660, in __call__
    await self.middleware_stack(scope, receive, send)
  File "C:\Users\10138\miniconda3\Lib\site-packages\fastapi\routing.py", line 2685, in app
    await route.handle(scope, receive, send)
  File "C:\Users\10138\miniconda3\Lib\site-packages\fastapi\routing.py", line 1766, in handle
    await self.original_router.handle(scope, receive, send)
  File "C:\Users\10138\miniconda3\Lib\site-packages\fastapi\routing.py", line 2740, in handle
    await included_router._handle_selected(scope, receive, send)
  File "C:\Users\10138\miniconda3\Lib\site-packages\fastapi\routing.py", line 1786, in _handle_selected
    await original_route.handle(scope, receive, send)
  File "C:\Users\10138\miniconda3\Lib\site-packages\fastapi\routing.py", line 1265, in handle
    await app(scope, receive, send)
  File "C:\Users\10138\miniconda3\Lib\site-packages\fastapi\routing.py", line 151, in app
    await wrap_app_handling_exceptions(app, request)(scope, receive, send)
  File "C:\Users\10138\miniconda3\Lib\site-packages\starlette\_exception_handler.py", line 53, in wrapped_app
    raise exc
  File "C:\Users\10138\miniconda3\Lib\site-packages\starlette\_exception_handler.py", line 42, in wrapped_app
    await app(scope, receive, sender)
  File "C:\Users\10138\miniconda3\Lib\site-packages\fastapi\routing.py", line 137, in app
    response = await f(request)
               ^^^^^^^^^^^^^^^^
  File "C:\Users\10138\miniconda3\Lib\site-packages\fastapi\routing.py", line 691, in app
    raw_response = await run_endpoint_function(
                   ^^^^^^^^^^^^^^^^^^^^^^^^^^^^
    ...<3 lines>...
    )
    ^
  File "C:\Users\10138\miniconda3\Lib\site-packages\fastapi\routing.py", line 347, in run_endpoint_function
    return await run_in_threadpool(dependant.call, **values)
           ^^^^^^^^^^^^^^^^^^^^^^^^^^^^^^^^^^^^^^^^^^^^^^^^^
  File "C:\Users\10138\miniconda3\Lib\site-packages\starlette\concurrency.py", line 34, in run_in_threadpool
    return await anyio.to_thread.run_sync(func)
           ^^^^^^^^^^^^^^^^^^^^^^^^^^^^^^^^^^^^
  File "C:\Users\10138\miniconda3\Lib\site-packages\anyio\to_thread.py", line 63, in run_sync
    return await get_async_backend().run_sync_in_worker_thread(
           ^^^^^^^^^^^^^^^^^^^^^^^^^^^^^^^^^^^^^^^^^^^^^^^^^^^^
        func, args, abandon_on_cancel=abandon_on_cancel, limiter=limiter
        ^^^^^^^^^^^^^^^^^^^^^^^^^^^^^^^^^^^^^^^^^^^^^^^^^^^^^^^^^^^^^^^^
    )
    ^
  File "C:\Users\10138\miniconda3\Lib\site-packages\anyio\_backends\_asyncio.py", line 2502, in run_sync_in_worker_thread
    return await future
           ^^^^^^^^^^^^
  File "C:\Users\10138\miniconda3\Lib\site-packages\anyio\_backends\_asyncio.py", line 986, in run
    result = context.run(func, *args)
  File "D:\谷歌\11 服务化与接口开发第一部分\app\api\health.py", line 97, in demo_error
    raise RuntimeError("demo boom")
RuntimeError: demo boom
2026-07-24 16:26:16 | INFO | med_rag_api.main | app_created version=0.0.1 retrieval_mode=sample backend=constrained10
2026-07-24 16:26:16 | INFO | med_rag_api.middleware | request method=GET path=/health status=200 request_id=647b4096-3cc0-4bac-864a-c2e70894d27b elapsed_ms=2.1
2026-07-24 16:26:16 | INFO | med_rag_api.main | app_created version=0.0.1 retrieval_mode=sample backend=constrained10
2026-07-24 16:26:16 | INFO | med_rag_api.middleware | request method=GET path=/health status=200 request_id=fixed-rid-123 elapsed_ms=2.3
2026-07-24 16:26:16 | INFO | med_rag_api.main | app_created version=0.0.1 retrieval_mode=sample backend=constrained10
2026-07-24 16:26:16 | INFO | med_rag_api.middleware | request method=GET path=/ready status=200 request_id=0675cda4-9e1e-4c3e-bad6-50c467efbaba elapsed_ms=2.3
2026-07-24 16:26:16 | INFO | med_rag_api.main | app_created version=0.0.1 retrieval_mode=sample backend=constrained10
2026-07-24 16:26:16 | INFO | med_rag_api.middleware | request method=GET path=/ status=200 request_id=158b85c8-bd32-40dc-b78c-3e931fb15d5e elapsed_ms=2.4
2026-07-24 16:26:16 | INFO | med_rag_api.main | app_created version=0.0.1 retrieval_mode=sample backend=constrained10
2026-07-24 16:26:16 | INFO | med_rag_api.main | app_created version=0.0.1 retrieval_mode=sample backend=constrained10
2026-07-24 16:26:16 | INFO | med_rag_api.middleware | request method=GET path=/ status=200 request_id=abe971b2-784d-4988-876b-e352906c74f4 elapsed_ms=2.3
2026-07-24 16:33:14 | INFO | med_rag_api.main | app_created version=0.0.1 retrieval_mode=sample backend=constrained10
2026-07-24 16:33:14 | INFO | med_rag_api.middleware | request method=GET path=/health status=200 request_id=71e22a86-6033-4717-8e38-a8a44f7a2519 elapsed_ms=2.9
2026-07-24 16:33:52 | INFO | med_rag_api.main | app_created version=0.0.1 retrieval_mode=sample backend=constrained10
2026-07-24 16:33:52 | INFO | med_rag_api.middleware | request method=GET path=/health status=200 request_id=680049fb-4c37-4d94-82cc-5457f8a3b7f7 elapsed_ms=4.3
2026-07-24 16:33:52 | INFO | med_rag_api.middleware | request method=GET path=/ready status=200 request_id=9568a2f5-cd8f-4f41-a520-2a997bd7f9ac elapsed_ms=1.5
2026-07-24 16:33:52 | INFO | med_rag_api.app.core.exceptions | validation_error path=/api/v1/echo errors=[{'type': 'string_too_short', 'loc': ('body', 'message'), 'msg': 'String should have at least 1 character', 'input': '', 'ctx': {'min_length': 1}}]
2026-07-24 16:33:52 | INFO | med_rag_api.middleware | request method=POST path=/api/v1/echo status=400 request_id=6770ec20-75b5-46c7-811c-a6d83ed46002 elapsed_ms=2.4
2026-07-24 16:33:52 | INFO | med_rag_api.middleware | request method=POST path=/api/v1/echo status=200 request_id=cc18191c-35b1-41d4-a3ea-5b0e642c252a elapsed_ms=1.1
2026-07-24 16:41:10 | INFO | med_rag_api.main | app_created version=0.0.1 retrieval_mode=sample backend=constrained10
2026-07-24 16:41:10 | INFO | med_rag_api.middleware | request method=GET path=/health status=200 request_id=bbbdb669-a6a7-465c-9330-1ec19019b7b6 elapsed_ms=2.9
2026-07-24 16:41:10 | INFO | med_rag_api.main | app_created version=0.0.1 retrieval_mode=sample backend=constrained10
2026-07-24 16:41:10 | INFO | med_rag_api.middleware | request method=GET path=/health status=200 request_id=fixed-rid-123 elapsed_ms=2.5
2026-07-24 16:41:10 | INFO | med_rag_api.main | app_created version=0.0.1 retrieval_mode=sample backend=constrained10
2026-07-24 16:41:10 | INFO | med_rag_api.middleware | request method=GET path=/ready status=200 request_id=b151e747-de58-46fb-b51a-b0c8139943ca elapsed_ms=2.1
2026-07-24 16:41:10 | INFO | med_rag_api.main | app_created version=0.0.1 retrieval_mode=sample backend=constrained10
2026-07-24 16:41:10 | INFO | med_rag_api.middleware | request method=GET path=/ status=200 request_id=470b6f32-3081-4016-9b66-a6b2fd062051 elapsed_ms=2.1
2026-07-24 16:41:19 | INFO | med_rag_api.main | app_created version=0.0.1 retrieval_mode=sample backend=constrained10
2026-07-24 16:41:19 | INFO | med_rag_api.app.core.exceptions | validation_error path=/api/v1/echo errors=[{'type': 'string_too_short', 'loc': ('body', 'message'), 'msg': 'String should have at least 1 character', 'input': '', 'ctx': {'min_length': 1}}]
2026-07-24 16:41:19 | INFO | med_rag_api.middleware | request method=POST path=/api/v1/echo status=400 request_id=cbce8710-f274-4afa-a51f-8be5fe908c16 elapsed_ms=2.3
2026-07-24 16:41:19 | INFO | med_rag_api.main | app_created version=0.0.1 retrieval_mode=sample backend=constrained10
2026-07-24 16:41:19 | INFO | med_rag_api.app.core.exceptions | validation_error path=/api/v1/echo errors=[{'type': 'missing', 'loc': ('body', 'message'), 'msg': 'Field required', 'input': {}}]
2026-07-24 16:41:19 | INFO | med_rag_api.middleware | request method=POST path=/api/v1/echo status=400 request_id=a9aa5f49-f993-4b6c-a474-04976037d049 elapsed_ms=2.6
2026-07-24 16:41:19 | INFO | med_rag_api.main | app_created version=0.0.1 retrieval_mode=sample backend=constrained10
2026-07-24 16:41:19 | INFO | med_rag_api.middleware | request method=POST path=/api/v1/echo status=200 request_id=09c3e11f-51d1-42e8-af18-546393399391 elapsed_ms=3.3
2026-07-24 16:41:19 | INFO | med_rag_api.main | app_created version=0.0.1 retrieval_mode=sample backend=constrained10
2026-07-24 16:41:19 | WARNING | med_rag_api.app.core.exceptions | app_exception code=1001 status=400 path=/api/v1/_demo_error detail=demo param
2026-07-24 16:41:19 | INFO | med_rag_api.middleware | request method=GET path=/api/v1/_demo_error status=400 request_id=c75163d4-2f0c-43dc-80df-d4b324aba18b elapsed_ms=2.7
2026-07-24 16:41:19 | INFO | med_rag_api.main | app_created version=0.0.1 retrieval_mode=sample backend=constrained10
2026-07-24 16:41:19 | WARNING | med_rag_api.app.core.exceptions | app_exception code=4001 status=502 path=/api/v1/_demo_error detail=demo model
2026-07-24 16:41:19 | INFO | med_rag_api.middleware | request method=GET path=/api/v1/_demo_error status=502 request_id=0f94444a-aa99-4f4f-b2d8-5dd1c5f135b2 elapsed_ms=2.2
2026-07-24 16:41:19 | INFO | med_rag_api.main | app_created version=0.0.1 retrieval_mode=sample backend=constrained10
2026-07-24 16:41:19 | ERROR | med_rag_api.middleware | request_failed method=GET path=/api/v1/_demo_error request_id=29e4db4d-4c6d-4d90-84c9-eb123ecd1343 elapsed_ms=1.9
Traceback (most recent call last):
  File "D:\谷歌\11 服务化与接口开发第一部分\app\core\middleware.py", line 29, in dispatch
    response = await call_next(request)
               ^^^^^^^^^^^^^^^^^^^^^^^^
  File "C:\Users\10138\miniconda3\Lib\site-packages\starlette\middleware\base.py", line 168, in call_next
    raise app_exc from app_exc.__cause__ or app_exc.__context__
  File "C:\Users\10138\miniconda3\Lib\site-packages\starlette\middleware\base.py", line 144, in coro
    await self.app(scope, receive_or_disconnect, send_no_error)
  File "C:\Users\10138\miniconda3\Lib\site-packages\starlette\middleware\exceptions.py", line 63, in __call__
    await wrap_app_handling_exceptions(self.app, conn)(scope, receive, send)
  File "C:\Users\10138\miniconda3\Lib\site-packages\starlette\_exception_handler.py", line 53, in wrapped_app
    raise exc
  File "C:\Users\10138\miniconda3\Lib\site-packages\starlette\_exception_handler.py", line 42, in wrapped_app
    await app(scope, receive, sender)
  File "C:\Users\10138\miniconda3\Lib\site-packages\fastapi\middleware\asyncexitstack.py", line 18, in __call__
    await self.app(scope, receive, send)
  File "C:\Users\10138\miniconda3\Lib\site-packages\starlette\routing.py", line 660, in __call__
    await self.middleware_stack(scope, receive, send)
  File "C:\Users\10138\miniconda3\Lib\site-packages\fastapi\routing.py", line 2685, in app
    await route.handle(scope, receive, send)
  File "C:\Users\10138\miniconda3\Lib\site-packages\fastapi\routing.py", line 1766, in handle
    await self.original_router.handle(scope, receive, send)
  File "C:\Users\10138\miniconda3\Lib\site-packages\fastapi\routing.py", line 2740, in handle
    await included_router._handle_selected(scope, receive, send)
  File "C:\Users\10138\miniconda3\Lib\site-packages\fastapi\routing.py", line 1786, in _handle_selected
    await original_route.handle(scope, receive, send)
  File "C:\Users\10138\miniconda3\Lib\site-packages\fastapi\routing.py", line 1265, in handle
    await app(scope, receive, send)
  File "C:\Users\10138\miniconda3\Lib\site-packages\fastapi\routing.py", line 151, in app
    await wrap_app_handling_exceptions(app, request)(scope, receive, send)
  File "C:\Users\10138\miniconda3\Lib\site-packages\starlette\_exception_handler.py", line 53, in wrapped_app
    raise exc
  File "C:\Users\10138\miniconda3\Lib\site-packages\starlette\_exception_handler.py", line 42, in wrapped_app
    await app(scope, receive, sender)
  File "C:\Users\10138\miniconda3\Lib\site-packages\fastapi\routing.py", line 137, in app
    response = await f(request)
               ^^^^^^^^^^^^^^^^
  File "C:\Users\10138\miniconda3\Lib\site-packages\fastapi\routing.py", line 691, in app
    raw_response = await run_endpoint_function(
                   ^^^^^^^^^^^^^^^^^^^^^^^^^^^^
    ...<3 lines>...
    )
    ^
  File "C:\Users\10138\miniconda3\Lib\site-packages\fastapi\routing.py", line 347, in run_endpoint_function
    return await run_in_threadpool(dependant.call, **values)
           ^^^^^^^^^^^^^^^^^^^^^^^^^^^^^^^^^^^^^^^^^^^^^^^^^
  File "C:\Users\10138\miniconda3\Lib\site-packages\starlette\concurrency.py", line 34, in run_in_threadpool
    return await anyio.to_thread.run_sync(func)
           ^^^^^^^^^^^^^^^^^^^^^^^^^^^^^^^^^^^^
  File "C:\Users\10138\miniconda3\Lib\site-packages\anyio\to_thread.py", line 63, in run_sync
    return await get_async_backend().run_sync_in_worker_thread(
           ^^^^^^^^^^^^^^^^^^^^^^^^^^^^^^^^^^^^^^^^^^^^^^^^^^^^
        func, args, abandon_on_cancel=abandon_on_cancel, limiter=limiter
        ^^^^^^^^^^^^^^^^^^^^^^^^^^^^^^^^^^^^^^^^^^^^^^^^^^^^^^^^^^^^^^^^
    )
    ^
  File "C:\Users\10138\miniconda3\Lib\site-packages\anyio\_backends\_asyncio.py", line 2502, in run_sync_in_worker_thread
    return await future
           ^^^^^^^^^^^^
  File "C:\Users\10138\miniconda3\Lib\site-packages\anyio\_backends\_asyncio.py", line 986, in run
    result = context.run(func, *args)
  File "D:\谷歌\11 服务化与接口开发第一部分\app\api\health.py", line 97, in demo_error
    raise RuntimeError("demo boom")
RuntimeError: demo boom
2026-07-24 16:41:19 | ERROR | med_rag_api.app.core.exceptions | unhandled_error path=/api/v1/_demo_error
Traceback (most recent call last):
  File "C:\Users\10138\miniconda3\Lib\site-packages\starlette\middleware\errors.py", line 164, in __call__
    await self.app(scope, receive, _send)
  File "C:\Users\10138\miniconda3\Lib\site-packages\starlette\middleware\base.py", line 193, in __call__
    response = await self.dispatch_func(request, call_next)
               ^^^^^^^^^^^^^^^^^^^^^^^^^^^^^^^^^^^^^^^^^^^^
  File "D:\谷歌\11 服务化与接口开发第一部分\app\core\middleware.py", line 29, in dispatch
    response = await call_next(request)
               ^^^^^^^^^^^^^^^^^^^^^^^^
  File "C:\Users\10138\miniconda3\Lib\site-packages\starlette\middleware\base.py", line 168, in call_next
    raise app_exc from app_exc.__cause__ or app_exc.__context__
  File "C:\Users\10138\miniconda3\Lib\site-packages\starlette\middleware\base.py", line 144, in coro
    await self.app(scope, receive_or_disconnect, send_no_error)
  File "C:\Users\10138\miniconda3\Lib\site-packages\starlette\middleware\exceptions.py", line 63, in __call__
    await wrap_app_handling_exceptions(self.app, conn)(scope, receive, send)
  File "C:\Users\10138\miniconda3\Lib\site-packages\starlette\_exception_handler.py", line 53, in wrapped_app
    raise exc
  File "C:\Users\10138\miniconda3\Lib\site-packages\starlette\_exception_handler.py", line 42, in wrapped_app
    await app(scope, receive, sender)
  File "C:\Users\10138\miniconda3\Lib\site-packages\fastapi\middleware\asyncexitstack.py", line 18, in __call__
    await self.app(scope, receive, send)
  File "C:\Users\10138\miniconda3\Lib\site-packages\starlette\routing.py", line 660, in __call__
    await self.middleware_stack(scope, receive, send)
  File "C:\Users\10138\miniconda3\Lib\site-packages\fastapi\routing.py", line 2685, in app
    await route.handle(scope, receive, send)
  File "C:\Users\10138\miniconda3\Lib\site-packages\fastapi\routing.py", line 1766, in handle
    await self.original_router.handle(scope, receive, send)
  File "C:\Users\10138\miniconda3\Lib\site-packages\fastapi\routing.py", line 2740, in handle
    await included_router._handle_selected(scope, receive, send)
  File "C:\Users\10138\miniconda3\Lib\site-packages\fastapi\routing.py", line 1786, in _handle_selected
    await original_route.handle(scope, receive, send)
  File "C:\Users\10138\miniconda3\Lib\site-packages\fastapi\routing.py", line 1265, in handle
    await app(scope, receive, send)
  File "C:\Users\10138\miniconda3\Lib\site-packages\fastapi\routing.py", line 151, in app
    await wrap_app_handling_exceptions(app, request)(scope, receive, send)
  File "C:\Users\10138\miniconda3\Lib\site-packages\starlette\_exception_handler.py", line 53, in wrapped_app
    raise exc
  File "C:\Users\10138\miniconda3\Lib\site-packages\starlette\_exception_handler.py", line 42, in wrapped_app
    await app(scope, receive, sender)
  File "C:\Users\10138\miniconda3\Lib\site-packages\fastapi\routing.py", line 137, in app
    response = await f(request)
               ^^^^^^^^^^^^^^^^
  File "C:\Users\10138\miniconda3\Lib\site-packages\fastapi\routing.py", line 691, in app
    raw_response = await run_endpoint_function(
                   ^^^^^^^^^^^^^^^^^^^^^^^^^^^^
    ...<3 lines>...
    )
    ^
  File "C:\Users\10138\miniconda3\Lib\site-packages\fastapi\routing.py", line 347, in run_endpoint_function
    return await run_in_threadpool(dependant.call, **values)
           ^^^^^^^^^^^^^^^^^^^^^^^^^^^^^^^^^^^^^^^^^^^^^^^^^
  File "C:\Users\10138\miniconda3\Lib\site-packages\starlette\concurrency.py", line 34, in run_in_threadpool
    return await anyio.to_thread.run_sync(func)
           ^^^^^^^^^^^^^^^^^^^^^^^^^^^^^^^^^^^^
  File "C:\Users\10138\miniconda3\Lib\site-packages\anyio\to_thread.py", line 63, in run_sync
    return await get_async_backend().run_sync_in_worker_thread(
           ^^^^^^^^^^^^^^^^^^^^^^^^^^^^^^^^^^^^^^^^^^^^^^^^^^^^
        func, args, abandon_on_cancel=abandon_on_cancel, limiter=limiter
        ^^^^^^^^^^^^^^^^^^^^^^^^^^^^^^^^^^^^^^^^^^^^^^^^^^^^^^^^^^^^^^^^
    )
    ^
  File "C:\Users\10138\miniconda3\Lib\site-packages\anyio\_backends\_asyncio.py", line 2502, in run_sync_in_worker_thread
    return await future
           ^^^^^^^^^^^^
  File "C:\Users\10138\miniconda3\Lib\site-packages\anyio\_backends\_asyncio.py", line 986, in run
    result = context.run(func, *args)
  File "D:\谷歌\11 服务化与接口开发第一部分\app\api\health.py", line 97, in demo_error
    raise RuntimeError("demo boom")
RuntimeError: demo boom
2026-07-24 16:41:19 | INFO | med_rag_api.main | app_created version=0.0.1 retrieval_mode=sample backend=constrained10
2026-07-24 16:41:19 | INFO | med_rag_api.middleware | request method=GET path=/health status=200 request_id=55e9e9e8-ee5d-48b4-8e83-40c92b4f72bd elapsed_ms=2.3
2026-07-24 16:41:19 | INFO | med_rag_api.main | app_created version=0.0.1 retrieval_mode=sample backend=constrained10
2026-07-24 16:41:19 | INFO | med_rag_api.middleware | request method=GET path=/health status=200 request_id=fixed-rid-123 elapsed_ms=2.8
2026-07-24 16:41:19 | INFO | med_rag_api.main | app_created version=0.0.1 retrieval_mode=sample backend=constrained10
2026-07-24 16:41:19 | INFO | med_rag_api.middleware | request method=GET path=/ready status=200 request_id=29925328-ac4f-47f7-a38d-e55a79681797 elapsed_ms=2.3
2026-07-24 16:41:19 | INFO | med_rag_api.main | app_created version=0.0.1 retrieval_mode=sample backend=constrained10
2026-07-24 16:41:19 | INFO | med_rag_api.middleware | request method=GET path=/ status=200 request_id=306867cb-7b06-499e-b3e4-b90925a41f56 elapsed_ms=2.7
2026-07-24 16:41:19 | INFO | med_rag_api.main | app_created version=0.0.1 retrieval_mode=sample backend=constrained10
2026-07-24 16:41:19 | INFO | med_rag_api.main | app_created version=0.0.1 retrieval_mode=sample backend=constrained10
2026-07-24 16:41:19 | INFO | med_rag_api.middleware | request method=GET path=/ status=200 request_id=5ceee60f-9332-4686-ba90-feffdaf214db elapsed_ms=2.2
2026-07-24 16:46:34 | INFO | med_rag_api.middleware | request method=GET path=/ status=200 request_id=4b8e2811-0e1c-483c-a7ad-ad5b829654e3 elapsed_ms=1.2
2026-07-24 16:47:04 | INFO | med_rag_api.main | app_created version=0.0.1 retrieval_mode=sample backend=constrained10
2026-07-24 16:47:04 | INFO | med_rag_api.middleware | request method=GET path=/ status=200 request_id=53ae9ef6-1e99-4625-9f9b-2a09f9eae32e elapsed_ms=2.9
2026-07-24 16:50:02 | INFO | med_rag_api.middleware | request method=GET path=/ status=200 request_id=a024dc0a-1848-4f3c-b191-7cc71af185ee elapsed_ms=0.8
2026-07-24 16:50:02 | INFO | med_rag_api.main | app_created version=0.0.1 retrieval_mode=sample backend=constrained10
2026-07-24 16:50:02 | INFO | med_rag_api.middleware | request method=GET path=/health status=200 request_id=291d1f5c-a828-4cf8-bbdc-b44ad826843f elapsed_ms=3.1
2026-07-24 16:50:02 | INFO | med_rag_api.middleware | request method=GET path=/ready status=200 request_id=cd5ed88b-5c58-4f77-bd6a-47118415faee elapsed_ms=1.6
2026-07-24 16:50:02 | INFO | med_rag_api.app.core.exceptions | validation_error path=/api/v1/echo errors=[{'type': 'string_too_short', 'loc': ('body', 'message'), 'msg': 'String should have at least 1 character', 'input': '', 'ctx': {'min_length': 1}}]
2026-07-24 16:50:02 | INFO | med_rag_api.middleware | request method=POST path=/api/v1/echo status=400 request_id=0d98c040-4cc9-411e-8974-2ec2c7b5113d elapsed_ms=2.9
2026-07-24 16:50:02 | INFO | med_rag_api.middleware | request method=POST path=/api/v1/echo status=200 request_id=6adc7633-8a93-4d51-8996-bf0abf359720 elapsed_ms=2.0
2026-07-24 16:51:18 | INFO | med_rag_api.rag_service | pipeline_loaded backend=constrained10 mode=sample
2026-07-24 16:59:07 | INFO | med_rag_api.main | app_created version=0.0.1 retrieval_mode=sample backend=constrained10
2026-07-24 16:59:07 | INFO | med_rag_api.app.core.exceptions | validation_error path=/api/v1/echo errors=[{'type': 'string_too_short', 'loc': ('body', 'message'), 'msg': 'String should have at least 1 character', 'input': '', 'ctx': {'min_length': 1}}]
2026-07-24 16:59:07 | INFO | med_rag_api.middleware | request method=POST path=/api/v1/echo status=400 request_id=ddd84d78-6a58-4cfa-beb8-20a6a60de3af elapsed_ms=2.5
2026-07-24 16:59:07 | INFO | med_rag_api.main | app_created version=0.0.1 retrieval_mode=sample backend=constrained10
2026-07-24 16:59:07 | INFO | med_rag_api.app.core.exceptions | validation_error path=/api/v1/echo errors=[{'type': 'missing', 'loc': ('body', 'message'), 'msg': 'Field required', 'input': {}}]
2026-07-24 16:59:07 | INFO | med_rag_api.middleware | request method=POST path=/api/v1/echo status=400 request_id=4ea07e6a-f037-436d-ad3e-fc25a0a3eebe elapsed_ms=2.1
2026-07-24 16:59:07 | INFO | med_rag_api.main | app_created version=0.0.1 retrieval_mode=sample backend=constrained10
2026-07-24 16:59:07 | INFO | med_rag_api.middleware | request method=POST path=/api/v1/echo status=200 request_id=e595b033-a0af-4d93-94e0-22baf965ba64 elapsed_ms=3.1
2026-07-24 16:59:07 | INFO | med_rag_api.main | app_created version=0.0.1 retrieval_mode=sample backend=constrained10
2026-07-24 16:59:07 | WARNING | med_rag_api.app.core.exceptions | app_exception code=1001 status=400 path=/api/v1/_demo_error detail=demo param
2026-07-24 16:59:07 | INFO | med_rag_api.middleware | request method=GET path=/api/v1/_demo_error status=400 request_id=b4c34395-2a71-4513-b652-16e0822aad85 elapsed_ms=2.4
2026-07-24 16:59:07 | INFO | med_rag_api.main | app_created version=0.0.1 retrieval_mode=sample backend=constrained10
2026-07-24 16:59:07 | WARNING | med_rag_api.app.core.exceptions | app_exception code=4001 status=502 path=/api/v1/_demo_error detail=demo model
2026-07-24 16:59:07 | INFO | med_rag_api.middleware | request method=GET path=/api/v1/_demo_error status=502 request_id=fcf00f36-9771-4131-9846-e8d835843dd6 elapsed_ms=2.5
2026-07-24 16:59:07 | INFO | med_rag_api.main | app_created version=0.0.1 retrieval_mode=sample backend=constrained10
2026-07-24 16:59:07 | ERROR | med_rag_api.middleware | request_failed method=GET path=/api/v1/_demo_error request_id=780796f1-d579-4c25-8a6e-b19145d77b32 elapsed_ms=2.1
Traceback (most recent call last):
  File "D:\谷歌\11 服务化与接口开发第一部分\app\core\middleware.py", line 29, in dispatch
    response = await call_next(request)
               ^^^^^^^^^^^^^^^^^^^^^^^^
  File "C:\Users\10138\miniconda3\Lib\site-packages\starlette\middleware\base.py", line 168, in call_next
    raise app_exc from app_exc.__cause__ or app_exc.__context__
  File "C:\Users\10138\miniconda3\Lib\site-packages\starlette\middleware\base.py", line 144, in coro
    await self.app(scope, receive_or_disconnect, send_no_error)
  File "C:\Users\10138\miniconda3\Lib\site-packages\starlette\middleware\exceptions.py", line 63, in __call__
    await wrap_app_handling_exceptions(self.app, conn)(scope, receive, send)
  File "C:\Users\10138\miniconda3\Lib\site-packages\starlette\_exception_handler.py", line 53, in wrapped_app
    raise exc
  File "C:\Users\10138\miniconda3\Lib\site-packages\starlette\_exception_handler.py", line 42, in wrapped_app
    await app(scope, receive, sender)
  File "C:\Users\10138\miniconda3\Lib\site-packages\fastapi\middleware\asyncexitstack.py", line 18, in __call__
    await self.app(scope, receive, send)
  File "C:\Users\10138\miniconda3\Lib\site-packages\starlette\routing.py", line 660, in __call__
    await self.middleware_stack(scope, receive, send)
  File "C:\Users\10138\miniconda3\Lib\site-packages\fastapi\routing.py", line 2685, in app
    await route.handle(scope, receive, send)
  File "C:\Users\10138\miniconda3\Lib\site-packages\fastapi\routing.py", line 1766, in handle
    await self.original_router.handle(scope, receive, send)
  File "C:\Users\10138\miniconda3\Lib\site-packages\fastapi\routing.py", line 2740, in handle
    await included_router._handle_selected(scope, receive, send)
  File "C:\Users\10138\miniconda3\Lib\site-packages\fastapi\routing.py", line 1786, in _handle_selected
    await original_route.handle(scope, receive, send)
  File "C:\Users\10138\miniconda3\Lib\site-packages\fastapi\routing.py", line 1265, in handle
    await app(scope, receive, send)
  File "C:\Users\10138\miniconda3\Lib\site-packages\fastapi\routing.py", line 151, in app
    await wrap_app_handling_exceptions(app, request)(scope, receive, send)
  File "C:\Users\10138\miniconda3\Lib\site-packages\starlette\_exception_handler.py", line 53, in wrapped_app
    raise exc
  File "C:\Users\10138\miniconda3\Lib\site-packages\starlette\_exception_handler.py", line 42, in wrapped_app
    await app(scope, receive, sender)
  File "C:\Users\10138\miniconda3\Lib\site-packages\fastapi\routing.py", line 137, in app
    response = await f(request)
               ^^^^^^^^^^^^^^^^
  File "C:\Users\10138\miniconda3\Lib\site-packages\fastapi\routing.py", line 691, in app
    raw_response = await run_endpoint_function(
                   ^^^^^^^^^^^^^^^^^^^^^^^^^^^^
    ...<3 lines>...
    )
    ^
  File "C:\Users\10138\miniconda3\Lib\site-packages\fastapi\routing.py", line 347, in run_endpoint_function
    return await run_in_threadpool(dependant.call, **values)
           ^^^^^^^^^^^^^^^^^^^^^^^^^^^^^^^^^^^^^^^^^^^^^^^^^
  File "C:\Users\10138\miniconda3\Lib\site-packages\starlette\concurrency.py", line 34, in run_in_threadpool
    return await anyio.to_thread.run_sync(func)
           ^^^^^^^^^^^^^^^^^^^^^^^^^^^^^^^^^^^^
  File "C:\Users\10138\miniconda3\Lib\site-packages\anyio\to_thread.py", line 63, in run_sync
    return await get_async_backend().run_sync_in_worker_thread(
           ^^^^^^^^^^^^^^^^^^^^^^^^^^^^^^^^^^^^^^^^^^^^^^^^^^^^
        func, args, abandon_on_cancel=abandon_on_cancel, limiter=limiter
        ^^^^^^^^^^^^^^^^^^^^^^^^^^^^^^^^^^^^^^^^^^^^^^^^^^^^^^^^^^^^^^^^
    )
    ^
  File "C:\Users\10138\miniconda3\Lib\site-packages\anyio\_backends\_asyncio.py", line 2502, in run_sync_in_worker_thread
    return await future
           ^^^^^^^^^^^^
  File "C:\Users\10138\miniconda3\Lib\site-packages\anyio\_backends\_asyncio.py", line 986, in run
    result = context.run(func, *args)
  File "D:\谷歌\11 服务化与接口开发第一部分\app\api\health.py", line 97, in demo_error
    raise RuntimeError("demo boom")
RuntimeError: demo boom
2026-07-24 16:59:07 | ERROR | med_rag_api.app.core.exceptions | unhandled_error path=/api/v1/_demo_error
Traceback (most recent call last):
  File "C:\Users\10138\miniconda3\Lib\site-packages\starlette\middleware\errors.py", line 164, in __call__
    await self.app(scope, receive, _send)
  File "C:\Users\10138\miniconda3\Lib\site-packages\starlette\middleware\base.py", line 193, in __call__
    response = await self.dispatch_func(request, call_next)
               ^^^^^^^^^^^^^^^^^^^^^^^^^^^^^^^^^^^^^^^^^^^^
  File "D:\谷歌\11 服务化与接口开发第一部分\app\core\middleware.py", line 29, in dispatch
    response = await call_next(request)
               ^^^^^^^^^^^^^^^^^^^^^^^^
  File "C:\Users\10138\miniconda3\Lib\site-packages\starlette\middleware\base.py", line 168, in call_next
    raise app_exc from app_exc.__cause__ or app_exc.__context__
  File "C:\Users\10138\miniconda3\Lib\site-packages\starlette\middleware\base.py", line 144, in coro
    await self.app(scope, receive_or_disconnect, send_no_error)
  File "C:\Users\10138\miniconda3\Lib\site-packages\starlette\middleware\exceptions.py", line 63, in __call__
    await wrap_app_handling_exceptions(self.app, conn)(scope, receive, send)
  File "C:\Users\10138\miniconda3\Lib\site-packages\starlette\_exception_handler.py", line 53, in wrapped_app
    raise exc
  File "C:\Users\10138\miniconda3\Lib\site-packages\starlette\_exception_handler.py", line 42, in wrapped_app
    await app(scope, receive, sender)
  File "C:\Users\10138\miniconda3\Lib\site-packages\fastapi\middleware\asyncexitstack.py", line 18, in __call__
    await self.app(scope, receive, send)
  File "C:\Users\10138\miniconda3\Lib\site-packages\starlette\routing.py", line 660, in __call__
    await self.middleware_stack(scope, receive, send)
  File "C:\Users\10138\miniconda3\Lib\site-packages\fastapi\routing.py", line 2685, in app
    await route.handle(scope, receive, send)
  File "C:\Users\10138\miniconda3\Lib\site-packages\fastapi\routing.py", line 1766, in handle
    await self.original_router.handle(scope, receive, send)
  File "C:\Users\10138\miniconda3\Lib\site-packages\fastapi\routing.py", line 2740, in handle
    await included_router._handle_selected(scope, receive, send)
  File "C:\Users\10138\miniconda3\Lib\site-packages\fastapi\routing.py", line 1786, in _handle_selected
    await original_route.handle(scope, receive, send)
  File "C:\Users\10138\miniconda3\Lib\site-packages\fastapi\routing.py", line 1265, in handle
    await app(scope, receive, send)
  File "C:\Users\10138\miniconda3\Lib\site-packages\fastapi\routing.py", line 151, in app
    await wrap_app_handling_exceptions(app, request)(scope, receive, send)
  File "C:\Users\10138\miniconda3\Lib\site-packages\starlette\_exception_handler.py", line 53, in wrapped_app
    raise exc
  File "C:\Users\10138\miniconda3\Lib\site-packages\starlette\_exception_handler.py", line 42, in wrapped_app
    await app(scope, receive, sender)
  File "C:\Users\10138\miniconda3\Lib\site-packages\fastapi\routing.py", line 137, in app
    response = await f(request)
               ^^^^^^^^^^^^^^^^
  File "C:\Users\10138\miniconda3\Lib\site-packages\fastapi\routing.py", line 691, in app
    raw_response = await run_endpoint_function(
                   ^^^^^^^^^^^^^^^^^^^^^^^^^^^^
    ...<3 lines>...
    )
    ^
  File "C:\Users\10138\miniconda3\Lib\site-packages\fastapi\routing.py", line 347, in run_endpoint_function
    return await run_in_threadpool(dependant.call, **values)
           ^^^^^^^^^^^^^^^^^^^^^^^^^^^^^^^^^^^^^^^^^^^^^^^^^
  File "C:\Users\10138\miniconda3\Lib\site-packages\starlette\concurrency.py", line 34, in run_in_threadpool
    return await anyio.to_thread.run_sync(func)
           ^^^^^^^^^^^^^^^^^^^^^^^^^^^^^^^^^^^^
  File "C:\Users\10138\miniconda3\Lib\site-packages\anyio\to_thread.py", line 63, in run_sync
    return await get_async_backend().run_sync_in_worker_thread(
           ^^^^^^^^^^^^^^^^^^^^^^^^^^^^^^^^^^^^^^^^^^^^^^^^^^^^
        func, args, abandon_on_cancel=abandon_on_cancel, limiter=limiter
        ^^^^^^^^^^^^^^^^^^^^^^^^^^^^^^^^^^^^^^^^^^^^^^^^^^^^^^^^^^^^^^^^
    )
    ^
  File "C:\Users\10138\miniconda3\Lib\site-packages\anyio\_backends\_asyncio.py", line 2502, in run_sync_in_worker_thread
    return await future
           ^^^^^^^^^^^^
  File "C:\Users\10138\miniconda3\Lib\site-packages\anyio\_backends\_asyncio.py", line 986, in run
    result = context.run(func, *args)
  File "D:\谷歌\11 服务化与接口开发第一部分\app\api\health.py", line 97, in demo_error
    raise RuntimeError("demo boom")
RuntimeError: demo boom
2026-07-24 16:59:07 | INFO | med_rag_api.main | app_created version=0.0.1 retrieval_mode=sample backend=constrained10
2026-07-24 16:59:07 | INFO | med_rag_api.middleware | request method=GET path=/health status=200 request_id=11f75f34-2862-4050-abaa-35d4587b87ae elapsed_ms=2.2
2026-07-24 16:59:07 | INFO | med_rag_api.main | app_created version=0.0.1 retrieval_mode=sample backend=constrained10
2026-07-24 16:59:07 | INFO | med_rag_api.middleware | request method=GET path=/health status=200 request_id=fixed-rid-123 elapsed_ms=2.2
2026-07-24 16:59:07 | INFO | med_rag_api.main | app_created version=0.0.1 retrieval_mode=sample backend=constrained10
2026-07-24 16:59:07 | INFO | med_rag_api.middleware | request method=GET path=/ready status=200 request_id=603347f9-c597-436e-8763-ea57ab1f5277 elapsed_ms=2.1
2026-07-24 16:59:07 | INFO | med_rag_api.main | app_created version=0.0.1 retrieval_mode=sample backend=constrained10
2026-07-24 16:59:07 | INFO | med_rag_api.middleware | request method=GET path=/ status=200 request_id=8224e8ee-78c8-4278-9a44-8d7b47f3e838 elapsed_ms=3.9
2026-07-24 16:59:07 | INFO | med_rag_api.main | app_created version=0.0.1 retrieval_mode=sample backend=constrained10
2026-07-24 16:59:07 | INFO | med_rag_api.qa_logger | qa_call status=ok code=0 request_id=9adfbae1-c47a-4979-b8e2-a391f72be3e8 latency_ms=0.1
2026-07-24 16:59:07 | INFO | med_rag_api.middleware | request method=POST path=/api/v1/qa status=200 request_id=9adfbae1-c47a-4979-b8e2-a391f72be3e8 elapsed_ms=5.7
2026-07-24 16:59:07 | INFO | med_rag_api.main | app_created version=0.0.1 retrieval_mode=sample backend=constrained10
2026-07-24 16:59:07 | INFO | med_rag_api.app.core.exceptions | validation_error path=/api/v1/qa errors=[{'type': 'string_too_short', 'loc': ('body', 'query'), 'msg': 'String should have at least 1 character', 'input': '', 'ctx': {'min_length': 1}}]
2026-07-24 16:59:07 | INFO | med_rag_api.middleware | request method=POST path=/api/v1/qa status=400 request_id=e0871dd3-9056-4732-9afd-8a0ae36d76c6 elapsed_ms=4.7
2026-07-24 16:59:07 | INFO | med_rag_api.main | app_created version=0.0.1 retrieval_mode=sample backend=constrained10
2026-07-24 16:59:07 | INFO | med_rag_api.app.core.exceptions | validation_error path=/api/v1/qa errors=[{'type': 'less_than_equal', 'loc': ('body', 'top_k'), 'msg': 'Input should be less than or equal to 20', 'input': 999, 'ctx': {'le': 20}}]
2026-07-24 16:59:07 | INFO | med_rag_api.middleware | request method=POST path=/api/v1/qa status=400 request_id=969e5d5c-ecab-4a7f-b575-8ab8d94bfc0b elapsed_ms=7.6
2026-07-24 16:59:07 | INFO | med_rag_api.main | app_created version=0.0.1 retrieval_mode=sample backend=constrained10
2026-07-24 16:59:07 | INFO | med_rag_api.qa_logger | qa_call status=ok code=0 request_id=cd9303ae-5a8d-41e7-b3d7-a95b6debaed0 latency_ms=0.0
2026-07-24 16:59:07 | INFO | med_rag_api.middleware | request method=POST path=/api/v1/qa status=200 request_id=cd9303ae-5a8d-41e7-b3d7-a95b6debaed0 elapsed_ms=5.0
2026-07-24 16:59:07 | INFO | med_rag_api.qa_logger | qa_call status=ok code=0 request_id=d187be7f-2bec-4145-95e5-103b190e884e latency_ms=0.1
2026-07-24 16:59:07 | INFO | med_rag_api.middleware | request method=POST path=/api/v1/qa status=200 request_id=d187be7f-2bec-4145-95e5-103b190e884e elapsed_ms=2.2
2026-07-24 16:59:07 | INFO | med_rag_api.middleware | request method=GET path=/api/v1/sessions/6a86651a-1a92-49e9-b1ad-990b991fc5cb status=200 request_id=1fd8d193-ed32-4499-a0da-fee561f82976 elapsed_ms=1.3
2026-07-24 16:59:07 | INFO | med_rag_api.main | app_created version=0.0.1 retrieval_mode=sample backend=constrained10
2026-07-24 16:59:07 | INFO | med_rag_api.main | app_created version=0.0.1 retrieval_mode=sample backend=constrained10
2026-07-24 16:59:07 | INFO | med_rag_api.middleware | request method=GET path=/ status=200 request_id=edb16c8f-6a49-40af-bcef-9b35af954847 elapsed_ms=2.9
2026-07-24 17:00:24 | INFO | med_rag_api.main | app_created version=0.0.1 retrieval_mode=sample backend=constrained10
2026-07-24 17:00:24 | INFO | med_rag_api.app.core.exceptions | validation_error path=/api/v1/echo errors=[{'type': 'string_too_short', 'loc': ('body', 'message'), 'msg': 'String should have at least 1 character', 'input': '', 'ctx': {'min_length': 1}}]
2026-07-24 17:00:24 | INFO | med_rag_api.middleware | request method=POST path=/api/v1/echo status=400 request_id=bb88ef70-8ea2-4541-956e-ebefcfefa0e1 elapsed_ms=2.4
2026-07-24 17:00:24 | INFO | med_rag_api.main | app_created version=0.0.1 retrieval_mode=sample backend=constrained10
2026-07-24 17:00:24 | INFO | med_rag_api.app.core.exceptions | validation_error path=/api/v1/echo errors=[{'type': 'missing', 'loc': ('body', 'message'), 'msg': 'Field required', 'input': {}}]
2026-07-24 17:00:24 | INFO | med_rag_api.middleware | request method=POST path=/api/v1/echo status=400 request_id=787b8b39-c4a8-45ad-83c4-01a2e7afafbe elapsed_ms=2.0
2026-07-24 17:00:24 | INFO | med_rag_api.main | app_created version=0.0.1 retrieval_mode=sample backend=constrained10
2026-07-24 17:00:24 | INFO | med_rag_api.middleware | request method=POST path=/api/v1/echo status=200 request_id=78d7c998-5007-4a20-9e59-e34234c3b7b0 elapsed_ms=3.1
2026-07-24 17:00:24 | INFO | med_rag_api.main | app_created version=0.0.1 retrieval_mode=sample backend=constrained10
2026-07-24 17:00:24 | WARNING | med_rag_api.app.core.exceptions | app_exception code=1001 status=400 path=/api/v1/_demo_error detail=demo param
2026-07-24 17:00:24 | INFO | med_rag_api.middleware | request method=GET path=/api/v1/_demo_error status=400 request_id=73141139-21c8-47f6-bca7-7bc40aedbdee elapsed_ms=2.7
2026-07-24 17:00:24 | INFO | med_rag_api.main | app_created version=0.0.1 retrieval_mode=sample backend=constrained10
2026-07-24 17:00:24 | WARNING | med_rag_api.app.core.exceptions | app_exception code=4001 status=502 path=/api/v1/_demo_error detail=demo model
2026-07-24 17:00:24 | INFO | med_rag_api.middleware | request method=GET path=/api/v1/_demo_error status=502 request_id=3e1a6913-ae60-40de-9379-88026d0c707c elapsed_ms=2.7
2026-07-24 17:00:24 | INFO | med_rag_api.main | app_created version=0.0.1 retrieval_mode=sample backend=constrained10
2026-07-24 17:00:24 | ERROR | med_rag_api.middleware | request_failed method=GET path=/api/v1/_demo_error request_id=00fb1b6a-c091-4bfd-a8fd-36608746f24f elapsed_ms=2.2
Traceback (most recent call last):
  File "D:\谷歌\11 服务化与接口开发第一部分\app\core\middleware.py", line 29, in dispatch
    response = await call_next(request)
               ^^^^^^^^^^^^^^^^^^^^^^^^
  File "C:\Users\10138\miniconda3\Lib\site-packages\starlette\middleware\base.py", line 168, in call_next
    raise app_exc from app_exc.__cause__ or app_exc.__context__
  File "C:\Users\10138\miniconda3\Lib\site-packages\starlette\middleware\base.py", line 144, in coro
    await self.app(scope, receive_or_disconnect, send_no_error)
  File "C:\Users\10138\miniconda3\Lib\site-packages\starlette\middleware\exceptions.py", line 63, in __call__
    await wrap_app_handling_exceptions(self.app, conn)(scope, receive, send)
  File "C:\Users\10138\miniconda3\Lib\site-packages\starlette\_exception_handler.py", line 53, in wrapped_app
    raise exc
  File "C:\Users\10138\miniconda3\Lib\site-packages\starlette\_exception_handler.py", line 42, in wrapped_app
    await app(scope, receive, sender)
  File "C:\Users\10138\miniconda3\Lib\site-packages\fastapi\middleware\asyncexitstack.py", line 18, in __call__
    await self.app(scope, receive, send)
  File "C:\Users\10138\miniconda3\Lib\site-packages\starlette\routing.py", line 660, in __call__
    await self.middleware_stack(scope, receive, send)
  File "C:\Users\10138\miniconda3\Lib\site-packages\fastapi\routing.py", line 2685, in app
    await route.handle(scope, receive, send)
  File "C:\Users\10138\miniconda3\Lib\site-packages\fastapi\routing.py", line 1766, in handle
    await self.original_router.handle(scope, receive, send)
  File "C:\Users\10138\miniconda3\Lib\site-packages\fastapi\routing.py", line 2740, in handle
    await included_router._handle_selected(scope, receive, send)
  File "C:\Users\10138\miniconda3\Lib\site-packages\fastapi\routing.py", line 1786, in _handle_selected
    await original_route.handle(scope, receive, send)
  File "C:\Users\10138\miniconda3\Lib\site-packages\fastapi\routing.py", line 1265, in handle
    await app(scope, receive, send)
  File "C:\Users\10138\miniconda3\Lib\site-packages\fastapi\routing.py", line 151, in app
    await wrap_app_handling_exceptions(app, request)(scope, receive, send)
  File "C:\Users\10138\miniconda3\Lib\site-packages\starlette\_exception_handler.py", line 53, in wrapped_app
    raise exc
  File "C:\Users\10138\miniconda3\Lib\site-packages\starlette\_exception_handler.py", line 42, in wrapped_app
    await app(scope, receive, sender)
  File "C:\Users\10138\miniconda3\Lib\site-packages\fastapi\routing.py", line 137, in app
    response = await f(request)
               ^^^^^^^^^^^^^^^^
  File "C:\Users\10138\miniconda3\Lib\site-packages\fastapi\routing.py", line 691, in app
    raw_response = await run_endpoint_function(
                   ^^^^^^^^^^^^^^^^^^^^^^^^^^^^
    ...<3 lines>...
    )
    ^
  File "C:\Users\10138\miniconda3\Lib\site-packages\fastapi\routing.py", line 347, in run_endpoint_function
    return await run_in_threadpool(dependant.call, **values)
           ^^^^^^^^^^^^^^^^^^^^^^^^^^^^^^^^^^^^^^^^^^^^^^^^^
  File "C:\Users\10138\miniconda3\Lib\site-packages\starlette\concurrency.py", line 34, in run_in_threadpool
    return await anyio.to_thread.run_sync(func)
           ^^^^^^^^^^^^^^^^^^^^^^^^^^^^^^^^^^^^
  File "C:\Users\10138\miniconda3\Lib\site-packages\anyio\to_thread.py", line 63, in run_sync
    return await get_async_backend().run_sync_in_worker_thread(
           ^^^^^^^^^^^^^^^^^^^^^^^^^^^^^^^^^^^^^^^^^^^^^^^^^^^^
        func, args, abandon_on_cancel=abandon_on_cancel, limiter=limiter
        ^^^^^^^^^^^^^^^^^^^^^^^^^^^^^^^^^^^^^^^^^^^^^^^^^^^^^^^^^^^^^^^^
    )
    ^
  File "C:\Users\10138\miniconda3\Lib\site-packages\anyio\_backends\_asyncio.py", line 2502, in run_sync_in_worker_thread
    return await future
           ^^^^^^^^^^^^
  File "C:\Users\10138\miniconda3\Lib\site-packages\anyio\_backends\_asyncio.py", line 986, in run
    result = context.run(func, *args)
  File "D:\谷歌\11 服务化与接口开发第一部分\app\api\health.py", line 97, in demo_error
    raise RuntimeError("demo boom")
RuntimeError: demo boom
2026-07-24 17:00:24 | ERROR | med_rag_api.app.core.exceptions | unhandled_error path=/api/v1/_demo_error
Traceback (most recent call last):
  File "C:\Users\10138\miniconda3\Lib\site-packages\starlette\middleware\errors.py", line 164, in __call__
    await self.app(scope, receive, _send)
  File "C:\Users\10138\miniconda3\Lib\site-packages\starlette\middleware\base.py", line 193, in __call__
    response = await self.dispatch_func(request, call_next)
               ^^^^^^^^^^^^^^^^^^^^^^^^^^^^^^^^^^^^^^^^^^^^
  File "D:\谷歌\11 服务化与接口开发第一部分\app\core\middleware.py", line 29, in dispatch
    response = await call_next(request)
               ^^^^^^^^^^^^^^^^^^^^^^^^
  File "C:\Users\10138\miniconda3\Lib\site-packages\starlette\middleware\base.py", line 168, in call_next
    raise app_exc from app_exc.__cause__ or app_exc.__context__
  File "C:\Users\10138\miniconda3\Lib\site-packages\starlette\middleware\base.py", line 144, in coro
    await self.app(scope, receive_or_disconnect, send_no_error)
  File "C:\Users\10138\miniconda3\Lib\site-packages\starlette\middleware\exceptions.py", line 63, in __call__
    await wrap_app_handling_exceptions(self.app, conn)(scope, receive, send)
  File "C:\Users\10138\miniconda3\Lib\site-packages\starlette\_exception_handler.py", line 53, in wrapped_app
    raise exc
  File "C:\Users\10138\miniconda3\Lib\site-packages\starlette\_exception_handler.py", line 42, in wrapped_app
    await app(scope, receive, sender)
  File "C:\Users\10138\miniconda3\Lib\site-packages\fastapi\middleware\asyncexitstack.py", line 18, in __call__
    await self.app(scope, receive, send)
  File "C:\Users\10138\miniconda3\Lib\site-packages\starlette\routing.py", line 660, in __call__
    await self.middleware_stack(scope, receive, send)
  File "C:\Users\10138\miniconda3\Lib\site-packages\fastapi\routing.py", line 2685, in app
    await route.handle(scope, receive, send)
  File "C:\Users\10138\miniconda3\Lib\site-packages\fastapi\routing.py", line 1766, in handle
    await self.original_router.handle(scope, receive, send)
  File "C:\Users\10138\miniconda3\Lib\site-packages\fastapi\routing.py", line 2740, in handle
    await included_router._handle_selected(scope, receive, send)
  File "C:\Users\10138\miniconda3\Lib\site-packages\fastapi\routing.py", line 1786, in _handle_selected
    await original_route.handle(scope, receive, send)
  File "C:\Users\10138\miniconda3\Lib\site-packages\fastapi\routing.py", line 1265, in handle
    await app(scope, receive, send)
  File "C:\Users\10138\miniconda3\Lib\site-packages\fastapi\routing.py", line 151, in app
    await wrap_app_handling_exceptions(app, request)(scope, receive, send)
  File "C:\Users\10138\miniconda3\Lib\site-packages\starlette\_exception_handler.py", line 53, in wrapped_app
    raise exc
  File "C:\Users\10138\miniconda3\Lib\site-packages\starlette\_exception_handler.py", line 42, in wrapped_app
    await app(scope, receive, sender)
  File "C:\Users\10138\miniconda3\Lib\site-packages\fastapi\routing.py", line 137, in app
    response = await f(request)
               ^^^^^^^^^^^^^^^^
  File "C:\Users\10138\miniconda3\Lib\site-packages\fastapi\routing.py", line 691, in app
    raw_response = await run_endpoint_function(
                   ^^^^^^^^^^^^^^^^^^^^^^^^^^^^
    ...<3 lines>...
    )
    ^
  File "C:\Users\10138\miniconda3\Lib\site-packages\fastapi\routing.py", line 347, in run_endpoint_function
    return await run_in_threadpool(dependant.call, **values)
           ^^^^^^^^^^^^^^^^^^^^^^^^^^^^^^^^^^^^^^^^^^^^^^^^^
  File "C:\Users\10138\miniconda3\Lib\site-packages\starlette\concurrency.py", line 34, in run_in_threadpool
    return await anyio.to_thread.run_sync(func)
           ^^^^^^^^^^^^^^^^^^^^^^^^^^^^^^^^^^^^
  File "C:\Users\10138\miniconda3\Lib\site-packages\anyio\to_thread.py", line 63, in run_sync
    return await get_async_backend().run_sync_in_worker_thread(
           ^^^^^^^^^^^^^^^^^^^^^^^^^^^^^^^^^^^^^^^^^^^^^^^^^^^^
        func, args, abandon_on_cancel=abandon_on_cancel, limiter=limiter
        ^^^^^^^^^^^^^^^^^^^^^^^^^^^^^^^^^^^^^^^^^^^^^^^^^^^^^^^^^^^^^^^^
    )
    ^
  File "C:\Users\10138\miniconda3\Lib\site-packages\anyio\_backends\_asyncio.py", line 2502, in run_sync_in_worker_thread
    return await future
           ^^^^^^^^^^^^
  File "C:\Users\10138\miniconda3\Lib\site-packages\anyio\_backends\_asyncio.py", line 986, in run
    result = context.run(func, *args)
  File "D:\谷歌\11 服务化与接口开发第一部分\app\api\health.py", line 97, in demo_error
    raise RuntimeError("demo boom")
RuntimeError: demo boom
2026-07-24 17:00:24 | INFO | med_rag_api.main | app_created version=0.0.1 retrieval_mode=sample backend=constrained10
2026-07-24 17:00:24 | INFO | med_rag_api.middleware | request method=GET path=/health status=200 request_id=12fba4e7-e4d5-4361-9b74-149e3d79f515 elapsed_ms=2.9
2026-07-24 17:00:24 | INFO | med_rag_api.main | app_created version=0.0.1 retrieval_mode=sample backend=constrained10
2026-07-24 17:00:24 | INFO | med_rag_api.middleware | request method=GET path=/health status=200 request_id=fixed-rid-123 elapsed_ms=2.1
2026-07-24 17:00:24 | INFO | med_rag_api.main | app_created version=0.0.1 retrieval_mode=sample backend=constrained10
2026-07-24 17:00:24 | INFO | med_rag_api.middleware | request method=GET path=/ready status=200 request_id=f5711888-61f0-4a91-8615-1655f64023f4 elapsed_ms=3.1
2026-07-24 17:00:24 | INFO | med_rag_api.main | app_created version=0.0.1 retrieval_mode=sample backend=constrained10
2026-07-24 17:00:24 | INFO | med_rag_api.middleware | request method=GET path=/ status=200 request_id=aaf9c639-63b3-4576-a104-efbaca6158d2 elapsed_ms=3.5
2026-07-24 17:00:24 | INFO | med_rag_api.main | app_created version=0.0.1 retrieval_mode=sample backend=constrained10
2026-07-24 17:00:24 | INFO | med_rag_api.qa_logger | qa_call status=ok code=0 request_id=b0609cbc-c6db-417b-9d62-3f11ccef18c7 latency_ms=0.1
2026-07-24 17:00:24 | INFO | med_rag_api.middleware | request method=POST path=/api/v1/qa status=200 request_id=b0609cbc-c6db-417b-9d62-3f11ccef18c7 elapsed_ms=5.7
2026-07-24 17:00:24 | INFO | med_rag_api.main | app_created version=0.0.1 retrieval_mode=sample backend=constrained10
2026-07-24 17:00:24 | INFO | med_rag_api.app.core.exceptions | validation_error path=/api/v1/qa errors=[{'type': 'string_too_short', 'loc': ('body', 'query'), 'msg': 'String should have at least 1 character', 'input': '', 'ctx': {'min_length': 1}}]
2026-07-24 17:00:24 | INFO | med_rag_api.middleware | request method=POST path=/api/v1/qa status=400 request_id=55e89bd6-e568-41f0-94a7-b4766aa00652 elapsed_ms=4.4
2026-07-24 17:00:24 | INFO | med_rag_api.main | app_created version=0.0.1 retrieval_mode=sample backend=constrained10
2026-07-24 17:00:24 | INFO | med_rag_api.app.core.exceptions | validation_error path=/api/v1/qa errors=[{'type': 'less_than_equal', 'loc': ('body', 'top_k'), 'msg': 'Input should be less than or equal to 20', 'input': 999, 'ctx': {'le': 20}}]
2026-07-24 17:00:24 | INFO | med_rag_api.middleware | request method=POST path=/api/v1/qa status=400 request_id=f56ada65-5b8a-4f86-b382-710538b8f0b7 elapsed_ms=4.5
2026-07-24 17:00:24 | INFO | med_rag_api.main | app_created version=0.0.1 retrieval_mode=sample backend=constrained10
2026-07-24 17:00:24 | INFO | med_rag_api.qa_logger | qa_call status=ok code=0 request_id=c93b750d-970f-463a-9873-0daa61a391ab latency_ms=0.1
2026-07-24 17:00:24 | INFO | med_rag_api.middleware | request method=POST path=/api/v1/qa status=200 request_id=c93b750d-970f-463a-9873-0daa61a391ab elapsed_ms=5.4
2026-07-24 17:00:24 | INFO | med_rag_api.qa_logger | qa_call status=ok code=0 request_id=f84e6d02-175d-40b2-ae1e-2e7615660e70 latency_ms=0.0
2026-07-24 17:00:24 | INFO | med_rag_api.middleware | request method=POST path=/api/v1/qa status=200 request_id=f84e6d02-175d-40b2-ae1e-2e7615660e70 elapsed_ms=1.8
2026-07-24 17:00:24 | INFO | med_rag_api.middleware | request method=GET path=/api/v1/sessions/0d42db46-872c-4316-8827-3cd33c6bce12 status=200 request_id=da02940f-8104-49f4-891e-98613fcf6203 elapsed_ms=0.9
2026-07-24 17:00:24 | INFO | med_rag_api.main | app_created version=0.0.1 retrieval_mode=sample backend=constrained10
2026-07-24 17:00:24 | INFO | med_rag_api.main | app_created version=0.0.1 retrieval_mode=sample backend=constrained10
2026-07-24 17:00:24 | INFO | med_rag_api.middleware | request method=GET path=/ status=200 request_id=9947b3ca-6061-4b39-a874-1f7ccb37a7df elapsed_ms=3.8
2026-07-25 07:05:21 | INFO | med_rag_api.main | app_created version=0.0.1 retrieval_mode=sample backend=constrained10
2026-07-25 07:05:21 | INFO | med_rag_api.app.core.exceptions | validation_error path=/api/v1/echo errors=[{'type': 'string_too_short', 'loc': ('body', 'message'), 'msg': 'String should have at least 1 character', 'input': '', 'ctx': {'min_length': 1}}]
2026-07-25 07:05:21 | INFO | med_rag_api.middleware | request method=POST path=/api/v1/echo status=400 request_id=6a6fa8e1-3e29-4d09-b2ff-8ba679cb093a elapsed_ms=2.8
2026-07-25 07:05:21 | INFO | med_rag_api.main | app_created version=0.0.1 retrieval_mode=sample backend=constrained10
2026-07-25 07:05:21 | INFO | med_rag_api.app.core.exceptions | validation_error path=/api/v1/echo errors=[{'type': 'missing', 'loc': ('body', 'message'), 'msg': 'Field required', 'input': {}}]
2026-07-25 07:05:21 | INFO | med_rag_api.middleware | request method=POST path=/api/v1/echo status=400 request_id=bfd40ce1-1754-40ff-a410-542d9936da47 elapsed_ms=3.0
2026-07-25 07:05:21 | INFO | med_rag_api.main | app_created version=0.0.1 retrieval_mode=sample backend=constrained10
2026-07-25 07:05:21 | INFO | med_rag_api.middleware | request method=POST path=/api/v1/echo status=200 request_id=78766d42-da54-470c-83b0-53d11c26683d elapsed_ms=4.0
2026-07-25 07:05:21 | INFO | med_rag_api.main | app_created version=0.0.1 retrieval_mode=sample backend=constrained10
2026-07-25 07:05:21 | WARNING | med_rag_api.app.core.exceptions | app_exception code=1001 status=400 path=/api/v1/_demo_error detail=demo param
2026-07-25 07:05:21 | INFO | med_rag_api.middleware | request method=GET path=/api/v1/_demo_error status=400 request_id=15e9e84a-b372-4fba-9a79-e4ebad5527f7 elapsed_ms=2.8
2026-07-25 07:05:21 | INFO | med_rag_api.main | app_created version=0.0.1 retrieval_mode=sample backend=constrained10
2026-07-25 07:05:21 | WARNING | med_rag_api.app.core.exceptions | app_exception code=4001 status=502 path=/api/v1/_demo_error detail=demo model
2026-07-25 07:05:21 | INFO | med_rag_api.middleware | request method=GET path=/api/v1/_demo_error status=502 request_id=4d92b2d8-3106-4d24-9e56-82b6a5f53801 elapsed_ms=4.2
2026-07-25 07:05:21 | INFO | med_rag_api.main | app_created version=0.0.1 retrieval_mode=sample backend=constrained10
2026-07-25 07:05:21 | ERROR | med_rag_api.middleware | request_failed method=GET path=/api/v1/_demo_error request_id=2697fa3f-6801-4e3a-9ad8-3cf1abf9bbcc elapsed_ms=2.3
Traceback (most recent call last):
  File "D:\谷歌\11 服务化与接口开发第一部分\app\core\middleware.py", line 29, in dispatch
    response = await call_next(request)
               ^^^^^^^^^^^^^^^^^^^^^^^^
  File "C:\Users\10138\miniconda3\Lib\site-packages\starlette\middleware\base.py", line 168, in call_next
    raise app_exc from app_exc.__cause__ or app_exc.__context__
  File "C:\Users\10138\miniconda3\Lib\site-packages\starlette\middleware\base.py", line 144, in coro
    await self.app(scope, receive_or_disconnect, send_no_error)
  File "C:\Users\10138\miniconda3\Lib\site-packages\starlette\middleware\exceptions.py", line 63, in __call__
    await wrap_app_handling_exceptions(self.app, conn)(scope, receive, send)
  File "C:\Users\10138\miniconda3\Lib\site-packages\starlette\_exception_handler.py", line 53, in wrapped_app
    raise exc
  File "C:\Users\10138\miniconda3\Lib\site-packages\starlette\_exception_handler.py", line 42, in wrapped_app
    await app(scope, receive, sender)
  File "C:\Users\10138\miniconda3\Lib\site-packages\fastapi\middleware\asyncexitstack.py", line 18, in __call__
    await self.app(scope, receive, send)
  File "C:\Users\10138\miniconda3\Lib\site-packages\starlette\routing.py", line 660, in __call__
    await self.middleware_stack(scope, receive, send)
  File "C:\Users\10138\miniconda3\Lib\site-packages\fastapi\routing.py", line 2685, in app
    await route.handle(scope, receive, send)
  File "C:\Users\10138\miniconda3\Lib\site-packages\fastapi\routing.py", line 1766, in handle
    await self.original_router.handle(scope, receive, send)
  File "C:\Users\10138\miniconda3\Lib\site-packages\fastapi\routing.py", line 2740, in handle
    await included_router._handle_selected(scope, receive, send)
  File "C:\Users\10138\miniconda3\Lib\site-packages\fastapi\routing.py", line 1786, in _handle_selected
    await original_route.handle(scope, receive, send)
  File "C:\Users\10138\miniconda3\Lib\site-packages\fastapi\routing.py", line 1265, in handle
    await app(scope, receive, send)
  File "C:\Users\10138\miniconda3\Lib\site-packages\fastapi\routing.py", line 151, in app
    await wrap_app_handling_exceptions(app, request)(scope, receive, send)
  File "C:\Users\10138\miniconda3\Lib\site-packages\starlette\_exception_handler.py", line 53, in wrapped_app
    raise exc
  File "C:\Users\10138\miniconda3\Lib\site-packages\starlette\_exception_handler.py", line 42, in wrapped_app
    await app(scope, receive, sender)
  File "C:\Users\10138\miniconda3\Lib\site-packages\fastapi\routing.py", line 137, in app
    response = await f(request)
               ^^^^^^^^^^^^^^^^
  File "C:\Users\10138\miniconda3\Lib\site-packages\fastapi\routing.py", line 691, in app
    raw_response = await run_endpoint_function(
                   ^^^^^^^^^^^^^^^^^^^^^^^^^^^^
    ...<3 lines>...
    )
    ^
  File "C:\Users\10138\miniconda3\Lib\site-packages\fastapi\routing.py", line 347, in run_endpoint_function
    return await run_in_threadpool(dependant.call, **values)
           ^^^^^^^^^^^^^^^^^^^^^^^^^^^^^^^^^^^^^^^^^^^^^^^^^
  File "C:\Users\10138\miniconda3\Lib\site-packages\starlette\concurrency.py", line 34, in run_in_threadpool
    return await anyio.to_thread.run_sync(func)
           ^^^^^^^^^^^^^^^^^^^^^^^^^^^^^^^^^^^^
  File "C:\Users\10138\miniconda3\Lib\site-packages\anyio\to_thread.py", line 63, in run_sync
    return await get_async_backend().run_sync_in_worker_thread(
           ^^^^^^^^^^^^^^^^^^^^^^^^^^^^^^^^^^^^^^^^^^^^^^^^^^^^
        func, args, abandon_on_cancel=abandon_on_cancel, limiter=limiter
        ^^^^^^^^^^^^^^^^^^^^^^^^^^^^^^^^^^^^^^^^^^^^^^^^^^^^^^^^^^^^^^^^
    )
    ^
  File "C:\Users\10138\miniconda3\Lib\site-packages\anyio\_backends\_asyncio.py", line 2502, in run_sync_in_worker_thread
    return await future
           ^^^^^^^^^^^^
  File "C:\Users\10138\miniconda3\Lib\site-packages\anyio\_backends\_asyncio.py", line 986, in run
    result = context.run(func, *args)
  File "D:\谷歌\11 服务化与接口开发第一部分\app\api\health.py", line 97, in demo_error
    raise RuntimeError("demo boom")
RuntimeError: demo boom
2026-07-25 07:05:21 | ERROR | med_rag_api.app.core.exceptions | unhandled_error path=/api/v1/_demo_error
Traceback (most recent call last):
  File "C:\Users\10138\miniconda3\Lib\site-packages\starlette\middleware\errors.py", line 164, in __call__
    await self.app(scope, receive, _send)
  File "C:\Users\10138\miniconda3\Lib\site-packages\starlette\middleware\base.py", line 193, in __call__
    response = await self.dispatch_func(request, call_next)
               ^^^^^^^^^^^^^^^^^^^^^^^^^^^^^^^^^^^^^^^^^^^^
  File "D:\谷歌\11 服务化与接口开发第一部分\app\core\middleware.py", line 29, in dispatch
    response = await call_next(request)
               ^^^^^^^^^^^^^^^^^^^^^^^^
  File "C:\Users\10138\miniconda3\Lib\site-packages\starlette\middleware\base.py", line 168, in call_next
    raise app_exc from app_exc.__cause__ or app_exc.__context__
  File "C:\Users\10138\miniconda3\Lib\site-packages\starlette\middleware\base.py", line 144, in coro
    await self.app(scope, receive_or_disconnect, send_no_error)
  File "C:\Users\10138\miniconda3\Lib\site-packages\starlette\middleware\exceptions.py", line 63, in __call__
    await wrap_app_handling_exceptions(self.app, conn)(scope, receive, send)
  File "C:\Users\10138\miniconda3\Lib\site-packages\starlette\_exception_handler.py", line 53, in wrapped_app
    raise exc
  File "C:\Users\10138\miniconda3\Lib\site-packages\starlette\_exception_handler.py", line 42, in wrapped_app
    await app(scope, receive, sender)
  File "C:\Users\10138\miniconda3\Lib\site-packages\fastapi\middleware\asyncexitstack.py", line 18, in __call__
    await self.app(scope, receive, send)
  File "C:\Users\10138\miniconda3\Lib\site-packages\starlette\routing.py", line 660, in __call__
    await self.middleware_stack(scope, receive, send)
  File "C:\Users\10138\miniconda3\Lib\site-packages\fastapi\routing.py", line 2685, in app
    await route.handle(scope, receive, send)
  File "C:\Users\10138\miniconda3\Lib\site-packages\fastapi\routing.py", line 1766, in handle
    await self.original_router.handle(scope, receive, send)
  File "C:\Users\10138\miniconda3\Lib\site-packages\fastapi\routing.py", line 2740, in handle
    await included_router._handle_selected(scope, receive, send)
  File "C:\Users\10138\miniconda3\Lib\site-packages\fastapi\routing.py", line 1786, in _handle_selected
    await original_route.handle(scope, receive, send)
  File "C:\Users\10138\miniconda3\Lib\site-packages\fastapi\routing.py", line 1265, in handle
    await app(scope, receive, send)
  File "C:\Users\10138\miniconda3\Lib\site-packages\fastapi\routing.py", line 151, in app
    await wrap_app_handling_exceptions(app, request)(scope, receive, send)
  File "C:\Users\10138\miniconda3\Lib\site-packages\starlette\_exception_handler.py", line 53, in wrapped_app
    raise exc
  File "C:\Users\10138\miniconda3\Lib\site-packages\starlette\_exception_handler.py", line 42, in wrapped_app
    await app(scope, receive, sender)
  File "C:\Users\10138\miniconda3\Lib\site-packages\fastapi\routing.py", line 137, in app
    response = await f(request)
               ^^^^^^^^^^^^^^^^
  File "C:\Users\10138\miniconda3\Lib\site-packages\fastapi\routing.py", line 691, in app
    raw_response = await run_endpoint_function(
                   ^^^^^^^^^^^^^^^^^^^^^^^^^^^^
    ...<3 lines>...
    )
    ^
  File "C:\Users\10138\miniconda3\Lib\site-packages\fastapi\routing.py", line 347, in run_endpoint_function
    return await run_in_threadpool(dependant.call, **values)
           ^^^^^^^^^^^^^^^^^^^^^^^^^^^^^^^^^^^^^^^^^^^^^^^^^
  File "C:\Users\10138\miniconda3\Lib\site-packages\starlette\concurrency.py", line 34, in run_in_threadpool
    return await anyio.to_thread.run_sync(func)
           ^^^^^^^^^^^^^^^^^^^^^^^^^^^^^^^^^^^^
  File "C:\Users\10138\miniconda3\Lib\site-packages\anyio\to_thread.py", line 63, in run_sync
    return await get_async_backend().run_sync_in_worker_thread(
           ^^^^^^^^^^^^^^^^^^^^^^^^^^^^^^^^^^^^^^^^^^^^^^^^^^^^
        func, args, abandon_on_cancel=abandon_on_cancel, limiter=limiter
        ^^^^^^^^^^^^^^^^^^^^^^^^^^^^^^^^^^^^^^^^^^^^^^^^^^^^^^^^^^^^^^^^
    )
    ^
  File "C:\Users\10138\miniconda3\Lib\site-packages\anyio\_backends\_asyncio.py", line 2502, in run_sync_in_worker_thread
    return await future
           ^^^^^^^^^^^^
  File "C:\Users\10138\miniconda3\Lib\site-packages\anyio\_backends\_asyncio.py", line 986, in run
    result = context.run(func, *args)
  File "D:\谷歌\11 服务化与接口开发第一部分\app\api\health.py", line 97, in demo_error
    raise RuntimeError("demo boom")
RuntimeError: demo boom
2026-07-25 07:05:21 | INFO | med_rag_api.main | app_created version=0.0.1 retrieval_mode=sample backend=constrained10
2026-07-25 07:05:21 | INFO | med_rag_api.middleware | request method=GET path=/health status=200 request_id=7e52d011-19df-4da7-8ae4-31f200bdb8a3 elapsed_ms=3.0
2026-07-25 07:05:21 | INFO | med_rag_api.main | app_created version=0.0.1 retrieval_mode=sample backend=constrained10
2026-07-25 07:05:21 | INFO | med_rag_api.middleware | request method=GET path=/health status=200 request_id=fixed-rid-123 elapsed_ms=2.5
2026-07-25 07:05:21 | INFO | med_rag_api.main | app_created version=0.0.1 retrieval_mode=sample backend=constrained10
2026-07-25 07:05:21 | INFO | med_rag_api.middleware | request method=GET path=/ready status=200 request_id=b4428980-8b80-421b-83e8-91b820d8737f elapsed_ms=2.7
2026-07-25 07:05:21 | INFO | med_rag_api.main | app_created version=0.0.1 retrieval_mode=sample backend=constrained10
2026-07-25 07:05:21 | INFO | med_rag_api.middleware | request method=GET path=/ status=200 request_id=e10b283e-7555-44b2-b12d-52987b6cdbe7 elapsed_ms=3.7
2026-07-25 07:05:21 | INFO | med_rag_api.main | app_created version=0.0.1 retrieval_mode=sample backend=constrained10
2026-07-25 07:05:21 | INFO | med_rag_api.qa_logger | qa_call status=ok code=0 request_id=8e3462ee-4a06-4b51-839a-e7117986c950 latency_ms=0.1
2026-07-25 07:05:21 | INFO | med_rag_api.middleware | request method=POST path=/api/v1/qa status=200 request_id=8e3462ee-4a06-4b51-839a-e7117986c950 elapsed_ms=7.0
2026-07-25 07:05:21 | INFO | med_rag_api.main | app_created version=0.0.1 retrieval_mode=sample backend=constrained10
2026-07-25 07:05:21 | INFO | med_rag_api.app.core.exceptions | validation_error path=/api/v1/qa errors=[{'type': 'string_too_short', 'loc': ('body', 'query'), 'msg': 'String should have at least 1 character', 'input': '', 'ctx': {'min_length': 1}}]
2026-07-25 07:05:21 | INFO | med_rag_api.middleware | request method=POST path=/api/v1/qa status=400 request_id=e882207f-d217-4890-89ba-d71c373628e7 elapsed_ms=5.2
2026-07-25 07:05:21 | INFO | med_rag_api.main | app_created version=0.0.1 retrieval_mode=sample backend=constrained10
2026-07-25 07:05:21 | INFO | med_rag_api.app.core.exceptions | validation_error path=/api/v1/qa errors=[{'type': 'less_than_equal', 'loc': ('body', 'top_k'), 'msg': 'Input should be less than or equal to 20', 'input': 999, 'ctx': {'le': 20}}]
2026-07-25 07:05:21 | INFO | med_rag_api.middleware | request method=POST path=/api/v1/qa status=400 request_id=f67ae50d-fa7d-406d-aa01-b8ca692df1de elapsed_ms=4.9
2026-07-25 07:05:21 | INFO | med_rag_api.main | app_created version=0.0.1 retrieval_mode=sample backend=constrained10
2026-07-25 07:05:21 | INFO | med_rag_api.qa_logger | qa_call status=ok code=0 request_id=51f15bfc-6693-4350-a3fb-c26893b409c4 latency_ms=0.1
2026-07-25 07:05:21 | INFO | med_rag_api.middleware | request method=POST path=/api/v1/qa status=200 request_id=51f15bfc-6693-4350-a3fb-c26893b409c4 elapsed_ms=7.4
2026-07-25 07:05:21 | INFO | med_rag_api.qa_logger | qa_call status=ok code=0 request_id=e77d3d6d-bb36-4ed6-a066-39e3aa1a85a1 latency_ms=0.0
2026-07-25 07:05:21 | INFO | med_rag_api.middleware | request method=POST path=/api/v1/qa status=200 request_id=e77d3d6d-bb36-4ed6-a066-39e3aa1a85a1 elapsed_ms=2.0
2026-07-25 07:05:21 | INFO | med_rag_api.middleware | request method=GET path=/api/v1/sessions/f93b9572-56a9-4f8a-8e1a-3fb1f490c771 status=200 request_id=90b4c2d7-88b4-4145-a9d1-a037390f108e elapsed_ms=1.4
2026-07-25 07:05:21 | INFO | med_rag_api.main | app_created version=0.0.1 retrieval_mode=sample backend=constrained10
2026-07-25 07:05:21 | INFO | med_rag_api.middleware | request method=POST path=/api/v1/qa/stream status=200 request_id=feed5244-bb7e-4dc1-82ca-c19fa1be20cc elapsed_ms=9.5
2026-07-25 07:05:21 | INFO | med_rag_api.qa_logger | qa_call status=ok code=0 request_id=feed5244-bb7e-4dc1-82ca-c19fa1be20cc latency_ms=1.1
2026-07-25 07:05:21 | INFO | med_rag_api.main | app_created version=0.0.1 retrieval_mode=sample backend=constrained10
2026-07-25 07:05:21 | INFO | med_rag_api.app.core.exceptions | validation_error path=/api/v1/qa/stream errors=[{'type': 'string_too_short', 'loc': ('body', 'query'), 'msg': 'String should have at least 1 character', 'input': '', 'ctx': {'min_length': 1}}]
2026-07-25 07:05:21 | INFO | med_rag_api.middleware | request method=POST path=/api/v1/qa/stream status=400 request_id=43f6d075-53a4-48ae-b19b-31d62fc9471a elapsed_ms=6.9
2026-07-25 07:05:22 | INFO | med_rag_api.main | app_created version=0.0.1 retrieval_mode=sample backend=constrained10
2026-07-25 07:05:22 | INFO | med_rag_api.middleware | request method=POST path=/api/v1/qa/stream status=200 request_id=6d304653-fb5a-4181-8fbe-480576aef154 elapsed_ms=6.2
2026-07-25 07:05:22 | INFO | med_rag_api.qa_logger | qa_call status=error code=4001 request_id=6d304653-fb5a-4181-8fbe-480576aef154 latency_ms=0.2
2026-07-25 07:05:22 | INFO | med_rag_api.main | app_created version=0.0.1 retrieval_mode=sample backend=constrained10
2026-07-25 07:05:22 | INFO | med_rag_api.main | app_created version=0.0.1 retrieval_mode=sample backend=constrained10
2026-07-25 07:05:22 | INFO | med_rag_api.middleware | request method=GET path=/ status=200 request_id=905b6e6e-133d-470c-b641-a90283b14b2a elapsed_ms=3.9
2026-07-25 07:05:31 | INFO | med_rag_api.main | app_created version=0.0.1 retrieval_mode=sample backend=constrained10
2026-07-25 07:05:31 | INFO | med_rag_api.app.core.exceptions | validation_error path=/api/v1/echo errors=[{'type': 'string_too_short', 'loc': ('body', 'message'), 'msg': 'String should have at least 1 character', 'input': '', 'ctx': {'min_length': 1}}]
2026-07-25 07:05:31 | INFO | med_rag_api.middleware | request method=POST path=/api/v1/echo status=400 request_id=ed33cf29-e0b6-4670-94db-fe539b2988bf elapsed_ms=2.8
2026-07-25 07:05:31 | INFO | med_rag_api.main | app_created version=0.0.1 retrieval_mode=sample backend=constrained10
2026-07-25 07:05:31 | INFO | med_rag_api.app.core.exceptions | validation_error path=/api/v1/echo errors=[{'type': 'missing', 'loc': ('body', 'message'), 'msg': 'Field required', 'input': {}}]
2026-07-25 07:05:31 | INFO | med_rag_api.middleware | request method=POST path=/api/v1/echo status=400 request_id=0d0a1c31-3017-4338-a9c2-f93cf6343ae9 elapsed_ms=2.5
2026-07-25 07:05:31 | INFO | med_rag_api.main | app_created version=0.0.1 retrieval_mode=sample backend=constrained10
2026-07-25 07:05:31 | INFO | med_rag_api.middleware | request method=POST path=/api/v1/echo status=200 request_id=feffb5c6-cc04-4b0b-bb5d-6618dca20c5b elapsed_ms=2.8
2026-07-25 07:05:31 | INFO | med_rag_api.main | app_created version=0.0.1 retrieval_mode=sample backend=constrained10
2026-07-25 07:05:31 | WARNING | med_rag_api.app.core.exceptions | app_exception code=1001 status=400 path=/api/v1/_demo_error detail=demo param
2026-07-25 07:05:31 | INFO | med_rag_api.middleware | request method=GET path=/api/v1/_demo_error status=400 request_id=bccd896b-38b4-49ab-95c2-19626919d028 elapsed_ms=2.8
2026-07-25 07:05:31 | INFO | med_rag_api.main | app_created version=0.0.1 retrieval_mode=sample backend=constrained10
2026-07-25 07:05:31 | WARNING | med_rag_api.app.core.exceptions | app_exception code=4001 status=502 path=/api/v1/_demo_error detail=demo model
2026-07-25 07:05:31 | INFO | med_rag_api.middleware | request method=GET path=/api/v1/_demo_error status=502 request_id=0da4a2d3-ea2c-4ed1-879f-c93a22d1c85e elapsed_ms=2.3
2026-07-25 07:05:31 | INFO | med_rag_api.main | app_created version=0.0.1 retrieval_mode=sample backend=constrained10
2026-07-25 07:05:31 | ERROR | med_rag_api.middleware | request_failed method=GET path=/api/v1/_demo_error request_id=e2c847cc-a3e9-4d15-943e-2c3424683054 elapsed_ms=2.0
Traceback (most recent call last):
  File "D:\谷歌\11 服务化与接口开发第一部分\app\core\middleware.py", line 29, in dispatch
    response = await call_next(request)
               ^^^^^^^^^^^^^^^^^^^^^^^^
  File "C:\Users\10138\miniconda3\Lib\site-packages\starlette\middleware\base.py", line 168, in call_next
    raise app_exc from app_exc.__cause__ or app_exc.__context__
  File "C:\Users\10138\miniconda3\Lib\site-packages\starlette\middleware\base.py", line 144, in coro
    await self.app(scope, receive_or_disconnect, send_no_error)
  File "C:\Users\10138\miniconda3\Lib\site-packages\starlette\middleware\exceptions.py", line 63, in __call__
    await wrap_app_handling_exceptions(self.app, conn)(scope, receive, send)
  File "C:\Users\10138\miniconda3\Lib\site-packages\starlette\_exception_handler.py", line 53, in wrapped_app
    raise exc
  File "C:\Users\10138\miniconda3\Lib\site-packages\starlette\_exception_handler.py", line 42, in wrapped_app
    await app(scope, receive, sender)
  File "C:\Users\10138\miniconda3\Lib\site-packages\fastapi\middleware\asyncexitstack.py", line 18, in __call__
    await self.app(scope, receive, send)
  File "C:\Users\10138\miniconda3\Lib\site-packages\starlette\routing.py", line 660, in __call__
    await self.middleware_stack(scope, receive, send)
  File "C:\Users\10138\miniconda3\Lib\site-packages\fastapi\routing.py", line 2685, in app
    await route.handle(scope, receive, send)
  File "C:\Users\10138\miniconda3\Lib\site-packages\fastapi\routing.py", line 1766, in handle
    await self.original_router.handle(scope, receive, send)
  File "C:\Users\10138\miniconda3\Lib\site-packages\fastapi\routing.py", line 2740, in handle
    await included_router._handle_selected(scope, receive, send)
  File "C:\Users\10138\miniconda3\Lib\site-packages\fastapi\routing.py", line 1786, in _handle_selected
    await original_route.handle(scope, receive, send)
  File "C:\Users\10138\miniconda3\Lib\site-packages\fastapi\routing.py", line 1265, in handle
    await app(scope, receive, send)
  File "C:\Users\10138\miniconda3\Lib\site-packages\fastapi\routing.py", line 151, in app
    await wrap_app_handling_exceptions(app, request)(scope, receive, send)
  File "C:\Users\10138\miniconda3\Lib\site-packages\starlette\_exception_handler.py", line 53, in wrapped_app
    raise exc
  File "C:\Users\10138\miniconda3\Lib\site-packages\starlette\_exception_handler.py", line 42, in wrapped_app
    await app(scope, receive, sender)
  File "C:\Users\10138\miniconda3\Lib\site-packages\fastapi\routing.py", line 137, in app
    response = await f(request)
               ^^^^^^^^^^^^^^^^
  File "C:\Users\10138\miniconda3\Lib\site-packages\fastapi\routing.py", line 691, in app
    raw_response = await run_endpoint_function(
                   ^^^^^^^^^^^^^^^^^^^^^^^^^^^^
    ...<3 lines>...
    )
    ^
  File "C:\Users\10138\miniconda3\Lib\site-packages\fastapi\routing.py", line 347, in run_endpoint_function
    return await run_in_threadpool(dependant.call, **values)
           ^^^^^^^^^^^^^^^^^^^^^^^^^^^^^^^^^^^^^^^^^^^^^^^^^
  File "C:\Users\10138\miniconda3\Lib\site-packages\starlette\concurrency.py", line 34, in run_in_threadpool
    return await anyio.to_thread.run_sync(func)
           ^^^^^^^^^^^^^^^^^^^^^^^^^^^^^^^^^^^^
  File "C:\Users\10138\miniconda3\Lib\site-packages\anyio\to_thread.py", line 63, in run_sync
    return await get_async_backend().run_sync_in_worker_thread(
           ^^^^^^^^^^^^^^^^^^^^^^^^^^^^^^^^^^^^^^^^^^^^^^^^^^^^
        func, args, abandon_on_cancel=abandon_on_cancel, limiter=limiter
        ^^^^^^^^^^^^^^^^^^^^^^^^^^^^^^^^^^^^^^^^^^^^^^^^^^^^^^^^^^^^^^^^
    )
    ^
  File "C:\Users\10138\miniconda3\Lib\site-packages\anyio\_backends\_asyncio.py", line 2502, in run_sync_in_worker_thread
    return await future
           ^^^^^^^^^^^^
  File "C:\Users\10138\miniconda3\Lib\site-packages\anyio\_backends\_asyncio.py", line 986, in run
    result = context.run(func, *args)
  File "D:\谷歌\11 服务化与接口开发第一部分\app\api\health.py", line 97, in demo_error
    raise RuntimeError("demo boom")
RuntimeError: demo boom
2026-07-25 07:05:31 | ERROR | med_rag_api.app.core.exceptions | unhandled_error path=/api/v1/_demo_error
Traceback (most recent call last):
  File "C:\Users\10138\miniconda3\Lib\site-packages\starlette\middleware\errors.py", line 164, in __call__
    await self.app(scope, receive, _send)
  File "C:\Users\10138\miniconda3\Lib\site-packages\starlette\middleware\base.py", line 193, in __call__
    response = await self.dispatch_func(request, call_next)
               ^^^^^^^^^^^^^^^^^^^^^^^^^^^^^^^^^^^^^^^^^^^^
  File "D:\谷歌\11 服务化与接口开发第一部分\app\core\middleware.py", line 29, in dispatch
    response = await call_next(request)
               ^^^^^^^^^^^^^^^^^^^^^^^^
  File "C:\Users\10138\miniconda3\Lib\site-packages\starlette\middleware\base.py", line 168, in call_next
    raise app_exc from app_exc.__cause__ or app_exc.__context__
  File "C:\Users\10138\miniconda3\Lib\site-packages\starlette\middleware\base.py", line 144, in coro
    await self.app(scope, receive_or_disconnect, send_no_error)
  File "C:\Users\10138\miniconda3\Lib\site-packages\starlette\middleware\exceptions.py", line 63, in __call__
    await wrap_app_handling_exceptions(self.app, conn)(scope, receive, send)
  File "C:\Users\10138\miniconda3\Lib\site-packages\starlette\_exception_handler.py", line 53, in wrapped_app
    raise exc
  File "C:\Users\10138\miniconda3\Lib\site-packages\starlette\_exception_handler.py", line 42, in wrapped_app
    await app(scope, receive, sender)
  File "C:\Users\10138\miniconda3\Lib\site-packages\fastapi\middleware\asyncexitstack.py", line 18, in __call__
    await self.app(scope, receive, send)
  File "C:\Users\10138\miniconda3\Lib\site-packages\starlette\routing.py", line 660, in __call__
    await self.middleware_stack(scope, receive, send)
  File "C:\Users\10138\miniconda3\Lib\site-packages\fastapi\routing.py", line 2685, in app
    await route.handle(scope, receive, send)
  File "C:\Users\10138\miniconda3\Lib\site-packages\fastapi\routing.py", line 1766, in handle
    await self.original_router.handle(scope, receive, send)
  File "C:\Users\10138\miniconda3\Lib\site-packages\fastapi\routing.py", line 2740, in handle
    await included_router._handle_selected(scope, receive, send)
  File "C:\Users\10138\miniconda3\Lib\site-packages\fastapi\routing.py", line 1786, in _handle_selected
    await original_route.handle(scope, receive, send)
  File "C:\Users\10138\miniconda3\Lib\site-packages\fastapi\routing.py", line 1265, in handle
    await app(scope, receive, send)
  File "C:\Users\10138\miniconda3\Lib\site-packages\fastapi\routing.py", line 151, in app
    await wrap_app_handling_exceptions(app, request)(scope, receive, send)
  File "C:\Users\10138\miniconda3\Lib\site-packages\starlette\_exception_handler.py", line 53, in wrapped_app
    raise exc
  File "C:\Users\10138\miniconda3\Lib\site-packages\starlette\_exception_handler.py", line 42, in wrapped_app
    await app(scope, receive, sender)
  File "C:\Users\10138\miniconda3\Lib\site-packages\fastapi\routing.py", line 137, in app
    response = await f(request)
               ^^^^^^^^^^^^^^^^
  File "C:\Users\10138\miniconda3\Lib\site-packages\fastapi\routing.py", line 691, in app
    raw_response = await run_endpoint_function(
                   ^^^^^^^^^^^^^^^^^^^^^^^^^^^^
    ...<3 lines>...
    )
    ^
  File "C:\Users\10138\miniconda3\Lib\site-packages\fastapi\routing.py", line 347, in run_endpoint_function
    return await run_in_threadpool(dependant.call, **values)
           ^^^^^^^^^^^^^^^^^^^^^^^^^^^^^^^^^^^^^^^^^^^^^^^^^
  File "C:\Users\10138\miniconda3\Lib\site-packages\starlette\concurrency.py", line 34, in run_in_threadpool
    return await anyio.to_thread.run_sync(func)
           ^^^^^^^^^^^^^^^^^^^^^^^^^^^^^^^^^^^^
  File "C:\Users\10138\miniconda3\Lib\site-packages\anyio\to_thread.py", line 63, in run_sync
    return await get_async_backend().run_sync_in_worker_thread(
           ^^^^^^^^^^^^^^^^^^^^^^^^^^^^^^^^^^^^^^^^^^^^^^^^^^^^
        func, args, abandon_on_cancel=abandon_on_cancel, limiter=limiter
        ^^^^^^^^^^^^^^^^^^^^^^^^^^^^^^^^^^^^^^^^^^^^^^^^^^^^^^^^^^^^^^^^
    )
    ^
  File "C:\Users\10138\miniconda3\Lib\site-packages\anyio\_backends\_asyncio.py", line 2502, in run_sync_in_worker_thread
    return await future
           ^^^^^^^^^^^^
  File "C:\Users\10138\miniconda3\Lib\site-packages\anyio\_backends\_asyncio.py", line 986, in run
    result = context.run(func, *args)
  File "D:\谷歌\11 服务化与接口开发第一部分\app\api\health.py", line 97, in demo_error
    raise RuntimeError("demo boom")
RuntimeError: demo boom
2026-07-25 07:05:31 | INFO | med_rag_api.main | app_created version=0.0.1 retrieval_mode=sample backend=constrained10
2026-07-25 07:05:31 | INFO | med_rag_api.middleware | request method=GET path=/health status=200 request_id=afc79f6f-dc13-471a-ab4e-244b926ffb77 elapsed_ms=2.7
2026-07-25 07:05:31 | INFO | med_rag_api.main | app_created version=0.0.1 retrieval_mode=sample backend=constrained10
2026-07-25 07:05:31 | INFO | med_rag_api.middleware | request method=GET path=/health status=200 request_id=fixed-rid-123 elapsed_ms=2.7
2026-07-25 07:05:31 | INFO | med_rag_api.main | app_created version=0.0.1 retrieval_mode=sample backend=constrained10
2026-07-25 07:05:31 | INFO | med_rag_api.middleware | request method=GET path=/ready status=200 request_id=9303e25c-6f22-443b-894d-46244ae048f8 elapsed_ms=2.4
2026-07-25 07:05:31 | INFO | med_rag_api.main | app_created version=0.0.1 retrieval_mode=sample backend=constrained10
2026-07-25 07:05:31 | INFO | med_rag_api.middleware | request method=GET path=/ status=200 request_id=5801a595-070c-4979-966f-c60f8ac9f897 elapsed_ms=4.4
2026-07-25 07:05:32 | INFO | med_rag_api.main | app_created version=0.0.1 retrieval_mode=sample backend=constrained10
2026-07-25 07:05:32 | INFO | med_rag_api.qa_logger | qa_call status=ok code=0 request_id=fa8f6253-ff0f-46ff-a7f0-d4f98d5bb648 latency_ms=0.1
2026-07-25 07:05:32 | INFO | med_rag_api.middleware | request method=POST path=/api/v1/qa status=200 request_id=fa8f6253-ff0f-46ff-a7f0-d4f98d5bb648 elapsed_ms=8.6
2026-07-25 07:05:32 | INFO | med_rag_api.main | app_created version=0.0.1 retrieval_mode=sample backend=constrained10
2026-07-25 07:05:32 | INFO | med_rag_api.app.core.exceptions | validation_error path=/api/v1/qa errors=[{'type': 'string_too_short', 'loc': ('body', 'query'), 'msg': 'String should have at least 1 character', 'input': '', 'ctx': {'min_length': 1}}]
2026-07-25 07:05:32 | INFO | med_rag_api.middleware | request method=POST path=/api/v1/qa status=400 request_id=94857c92-0c33-4490-9155-0b24213e3fe3 elapsed_ms=5.0
2026-07-25 07:05:32 | INFO | med_rag_api.main | app_created version=0.0.1 retrieval_mode=sample backend=constrained10
2026-07-25 07:05:32 | INFO | med_rag_api.app.core.exceptions | validation_error path=/api/v1/qa errors=[{'type': 'less_than_equal', 'loc': ('body', 'top_k'), 'msg': 'Input should be less than or equal to 20', 'input': 999, 'ctx': {'le': 20}}]
2026-07-25 07:05:32 | INFO | med_rag_api.middleware | request method=POST path=/api/v1/qa status=400 request_id=ef349fa6-b863-4e54-97ae-0d9905db68d8 elapsed_ms=7.2
2026-07-25 07:05:32 | INFO | med_rag_api.main | app_created version=0.0.1 retrieval_mode=sample backend=constrained10
2026-07-25 07:05:32 | INFO | med_rag_api.qa_logger | qa_call status=ok code=0 request_id=69c29d84-c2a9-4dfa-8964-2a517f332fb8 latency_ms=0.1
2026-07-25 07:05:32 | INFO | med_rag_api.middleware | request method=POST path=/api/v1/qa status=200 request_id=69c29d84-c2a9-4dfa-8964-2a517f332fb8 elapsed_ms=7.1
2026-07-25 07:05:32 | INFO | med_rag_api.qa_logger | qa_call status=ok code=0 request_id=2728a8eb-5f49-4441-8f0d-37a365a5573f latency_ms=0.1
2026-07-25 07:05:32 | INFO | med_rag_api.middleware | request method=POST path=/api/v1/qa status=200 request_id=2728a8eb-5f49-4441-8f0d-37a365a5573f elapsed_ms=3.1
2026-07-25 07:05:32 | INFO | med_rag_api.middleware | request method=GET path=/api/v1/sessions/bd0358b7-9b7a-4fb5-a28f-6ff12cd193c3 status=200 request_id=5e0869fd-819a-42e5-8a2a-9b5c5f838b20 elapsed_ms=1.1
2026-07-25 07:05:32 | INFO | med_rag_api.main | app_created version=0.0.1 retrieval_mode=sample backend=constrained10
2026-07-25 07:05:32 | INFO | med_rag_api.middleware | request method=POST path=/api/v1/qa/stream status=200 request_id=61e5acee-db30-416b-a20d-bd8c713ce09c elapsed_ms=6.6
2026-07-25 07:05:32 | INFO | med_rag_api.qa_logger | qa_call status=ok code=0 request_id=61e5acee-db30-416b-a20d-bd8c713ce09c latency_ms=0.9
2026-07-25 07:05:32 | INFO | med_rag_api.main | app_created version=0.0.1 retrieval_mode=sample backend=constrained10
2026-07-25 07:05:32 | INFO | med_rag_api.app.core.exceptions | validation_error path=/api/v1/qa/stream errors=[{'type': 'string_too_short', 'loc': ('body', 'query'), 'msg': 'String should have at least 1 character', 'input': '', 'ctx': {'min_length': 1}}]
2026-07-25 07:05:32 | INFO | med_rag_api.middleware | request method=POST path=/api/v1/qa/stream status=400 request_id=83fd4782-ebcc-415a-b8cf-90414a606c2a elapsed_ms=5.4
2026-07-25 07:05:32 | INFO | med_rag_api.main | app_created version=0.0.1 retrieval_mode=sample backend=constrained10
2026-07-25 07:05:32 | INFO | med_rag_api.middleware | request method=POST path=/api/v1/qa/stream status=200 request_id=346609a5-d463-4c72-a08e-51b2c542664a elapsed_ms=5.8
2026-07-25 07:05:32 | INFO | med_rag_api.qa_logger | qa_call status=error code=4001 request_id=346609a5-d463-4c72-a08e-51b2c542664a latency_ms=0.2
2026-07-25 07:05:32 | INFO | med_rag_api.main | app_created version=0.0.1 retrieval_mode=sample backend=constrained10
2026-07-25 07:05:32 | INFO | med_rag_api.main | app_created version=0.0.1 retrieval_mode=sample backend=constrained10
2026-07-25 07:05:32 | INFO | med_rag_api.middleware | request method=GET path=/ status=200 request_id=b7e2dab9-c197-46d8-bfc0-e9b13fba1f4c elapsed_ms=4.9
2026-07-25 07:10:49 | INFO | med_rag_api.main | app_created version=0.0.1 retrieval_mode=sample backend=constrained10
2026-07-25 07:10:49 | INFO | med_rag_api.qa_logger | qa_call status=ok code=0 request_id=4edd862f-2347-4635-9e2a-931a8e236f73 latency_ms=0.1
2026-07-25 07:10:49 | INFO | med_rag_api.middleware | request method=POST path=/api/v1/qa status=200 request_id=4edd862f-2347-4635-9e2a-931a8e236f73 elapsed_ms=7.9
2026-07-25 07:10:49 | INFO | med_rag_api.app.core.exceptions | validation_error path=/api/v1/qa errors=[{'type': 'string_too_short', 'loc': ('body', 'query'), 'msg': 'String should have at least 1 character', 'input': '', 'ctx': {'min_length': 1}}]
2026-07-25 07:10:49 | INFO | med_rag_api.middleware | request method=POST path=/api/v1/qa status=400 request_id=6cad2709-2a33-411b-b687-4919b151e647 elapsed_ms=3.3
2026-07-25 07:10:49 | INFO | med_rag_api.app.core.exceptions | validation_error path=/api/v1/qa errors=[{'type': 'less_than_equal', 'loc': ('body', 'top_k'), 'msg': 'Input should be less than or equal to 20', 'input': 999, 'ctx': {'le': 20}}]
2026-07-25 07:10:49 | INFO | med_rag_api.middleware | request method=POST path=/api/v1/qa status=400 request_id=0b8955f9-44b3-4220-8a66-c7e3e68a8873 elapsed_ms=2.7
2026-07-25 07:10:49 | INFO | med_rag_api.qa_logger | qa_call status=ok code=0 request_id=49c3517d-6560-4981-ae15-43526ebd1fe1 latency_ms=0.0
2026-07-25 07:10:49 | INFO | med_rag_api.middleware | request method=POST path=/api/v1/qa status=200 request_id=49c3517d-6560-4981-ae15-43526ebd1fe1 elapsed_ms=3.4
2026-07-25 07:10:53 | INFO | med_rag_api.main | app_created version=0.0.1 retrieval_mode=sample backend=constrained10
2026-07-25 07:10:53 | INFO | med_rag_api.middleware | request method=POST path=/api/v1/qa/stream status=200 request_id=0e8875fc-2676-4da7-80ee-f06487d6b41a elapsed_ms=6.7
2026-07-25 07:10:53 | INFO | med_rag_api.qa_logger | qa_call status=ok code=0 request_id=0e8875fc-2676-4da7-80ee-f06487d6b41a latency_ms=1.7
2026-07-25 07:10:53 | INFO | med_rag_api.middleware | request method=POST path=/api/v1/qa/stream status=200 request_id=645dbaac-aede-4169-953d-af20f3570fae elapsed_ms=1.4
2026-07-25 07:10:53 | INFO | med_rag_api.qa_logger | qa_call status=error code=4001 request_id=645dbaac-aede-4169-953d-af20f3570fae latency_ms=0.2
2026-07-25 07:10:53 | INFO | med_rag_api.app.core.exceptions | validation_error path=/api/v1/qa/stream errors=[{'type': 'string_too_short', 'loc': ('body', 'query'), 'msg': 'String should have at least 1 character', 'input': '', 'ctx': {'min_length': 1}}]
2026-07-25 07:10:53 | INFO | med_rag_api.middleware | request method=POST path=/api/v1/qa/stream status=400 request_id=ffbcd24f-4dc0-4ebb-a018-a091c4c91ba9 elapsed_ms=3.1
2026-07-25 07:20:06 | INFO | med_rag_api.main | app_created version=0.0.1 retrieval_mode=sample backend=constrained10
2026-07-25 07:20:10 | INFO | med_rag_api.rag_service | pipeline_loaded backend=constrained10 mode=full
2026-07-25 07:20:10 | INFO | med_rag_api.full_smoke | full_pipeline_warmup_sec=4.0
2026-07-25 07:20:10 | INFO | med_rag_api.middleware | request method=GET path=/ready status=200 request_id=674b5c07-8b32-438e-909a-81fc0a5a2259 elapsed_ms=3.4
2026-07-25 07:20:14 | ERROR | med_rag_api.middleware | request_failed method=POST path=/api/v1/qa request_id=9611c1b2-9508-4fce-9731-6f40f035c59b elapsed_ms=4479.0
Traceback (most recent call last):
  File "D:\谷歌\11 服务化与接口开发第一部分\app\services\rag_service.py", line 115, in answer
    raw = pipeline.run(effective_query)
          ^^^^^^^^^^^^^^^^^^^^^^^^^^^^^
  File "D:\谷歌\10 强约束规则开发与幻觉抑制\src\constrained_pipeline.py", line 271, in run
    retrieval_result = self.retrieval_pipeline.run(query)
                       ^^^^^^^^^^^^^^^^^^^^^^^^^^^^^^^^^^
  File "D:\谷歌\06 检索系统开发第二部分\src\pipeline.py", line 134, in run
    retrieval = self.retriever.retrieve(
                ^^^^^^^^^^^^^^^^^^^^^^^^
  File "D:\谷歌\06 检索系统开发第二部分\src\multipath_retriever.py", line 122, in retrieve
    vector_hits = self.retrieve_vector(query_info, top_k=top_k_vector)
                  ^^^^^^^^^^^^^^^^^^^^^^^^^^^^^^^^^^^^^^^^^^^^^^^^^^^^
  File "D:\谷歌\06 检索系统开发第二部分\src\multipath_retriever.py", line 105, in retrieve_vector
    res = self.builder.query(query_info.vector_query, n_results=top_k, where_filter=where)
          ^^^^^^^^^^^^^^^^^^^^^^^^^^^^^^^^^^^^^^^^^^^^^^^^^^^^^^^^^^^^^^^^^^^^^^^^^^^^^^^^
  File "D:\谷歌\04 向量化与索引构建\src\index_builder.py", line 286, in query
    query_emb = self.embedder.encode_queries([query_text])
                ^^^^^^^^^^^^^^^^^^^^^^^^^^^^^^^^^^^^^^^^^^
  File "D:\谷歌\04 向量化与索引构建\src\embedder.py", line 135, in encode_queries
    return self._encode_texts(prefixed, show_progress=show_progress)
           ^^^^^^^^^^^^^^^^^^^^^^^^^^^^^^^^^^^^^^^^^^^^^^^^^^^^^^^^^
  File "D:\谷歌\04 向量化与索引构建\src\embedder.py", line 96, in _encode_texts
    self._ensure_loaded()
  File "D:\谷歌\04 向量化与索引构建\src\embedder.py", line 63, in _ensure_loaded
    from transformers import AutoModel, AutoTokenizer
  File "<frozen importlib._bootstrap>", line 1229, in _handle_fromlist
  File "C:\Users\10138\miniconda3\envs\med-rag-verify\Lib\site-packages\transformers\utils\import_utils.py", line 2317, in __getattr__
    module = self._get_module(self._class_to_module[name])
             ^^^^^^^^^^^^^^^^^^^^^^^^^^^^^^^^^^^^^^^^^^^^^
  File "C:\Users\10138\miniconda3\envs\med-rag-verify\Lib\site-packages\transformers\utils\import_utils.py", line 2347, in _get_module
    raise e
  File "C:\Users\10138\miniconda3\envs\med-rag-verify\Lib\site-packages\transformers\utils\import_utils.py", line 2345, in _get_module
    return importlib.import_module("." + module_name, self.__name__)
           ^^^^^^^^^^^^^^^^^^^^^^^^^^^^^^^^^^^^^^^^^^^^^^^^^^^^^^^^^
  File "C:\Users\10138\miniconda3\envs\med-rag-verify\Lib\importlib\__init__.py", line 126, in import_module
    return _bootstrap._gcd_import(name[level:], package, level)
           ^^^^^^^^^^^^^^^^^^^^^^^^^^^^^^^^^^^^^^^^^^^^^^^^^^^^
  File "C:\Users\10138\miniconda3\envs\med-rag-verify\Lib\site-packages\transformers\models\auto\modeling_auto.py", line 23, in <module>
    from .auto_factory import (
  File "C:\Users\10138\miniconda3\envs\med-rag-verify\Lib\site-packages\transformers\models\auto\auto_factory.py", line 43, in <module>
    from ...generation import GenerationMixin
  File "<frozen importlib._bootstrap>", line 1229, in _handle_fromlist
  File "C:\Users\10138\miniconda3\envs\med-rag-verify\Lib\site-packages\transformers\utils\import_utils.py", line 2317, in __getattr__
    module = self._get_module(self._class_to_module[name])
             ^^^^^^^^^^^^^^^^^^^^^^^^^^^^^^^^^^^^^^^^^^^^^
  File "C:\Users\10138\miniconda3\envs\med-rag-verify\Lib\site-packages\transformers\utils\import_utils.py", line 2347, in _get_module
    raise e
  File "C:\Users\10138\miniconda3\envs\med-rag-verify\Lib\site-packages\transformers\utils\import_utils.py", line 2345, in _get_module
    return importlib.import_module("." + module_name, self.__name__)
           ^^^^^^^^^^^^^^^^^^^^^^^^^^^^^^^^^^^^^^^^^^^^^^^^^^^^^^^^^
  File "C:\Users\10138\miniconda3\envs\med-rag-verify\Lib\importlib\__init__.py", line 126, in import_module
    return _bootstrap._gcd_import(name[level:], package, level)
           ^^^^^^^^^^^^^^^^^^^^^^^^^^^^^^^^^^^^^^^^^^^^^^^^^^^^
  File "C:\Users\10138\miniconda3\envs\med-rag-verify\Lib\site-packages\transformers\generation\utils.py", line 55, in <module>
    from .candidate_generator import (
  File "C:\Users\10138\miniconda3\envs\med-rag-verify\Lib\site-packages\transformers\generation\candidate_generator.py", line 29, in <module>
    from sklearn.metrics import roc_curve
  File "C:\Users\10138\miniconda3\envs\med-rag-verify\Lib\site-packages\sklearn\__init__.py", line 70, in <module>
    from sklearn.base import clone  # noqa: E402
    ^^^^^^^^^^^^^^^^^^^^^^^^^^^^^^
  File "C:\Users\10138\miniconda3\envs\med-rag-verify\Lib\site-packages\sklearn\base.py", line 19, in <module>
    from sklearn.utils._metadata_requests import _MetadataRequester, _routing_enabled
  File "C:\Users\10138\miniconda3\envs\med-rag-verify\Lib\site-packages\sklearn\utils\__init__.py", line 9, in <module>
    from sklearn.utils._chunking import gen_batches, gen_even_slices
  File "C:\Users\10138\miniconda3\envs\med-rag-verify\Lib\site-packages\sklearn\utils\_chunking.py", line 11, in <module>
    from sklearn.utils._param_validation import Interval, validate_params
  File "C:\Users\10138\miniconda3\envs\med-rag-verify\Lib\site-packages\sklearn\utils\_param_validation.py", line 17, in <module>
    from sklearn.utils.validation import _is_arraylike_not_scalar
  File "C:\Users\10138\miniconda3\envs\med-rag-verify\Lib\site-packages\sklearn\utils\validation.py", line 24, in <module>
    from sklearn.utils._array_api import (
  File "C:\Users\10138\miniconda3\envs\med-rag-verify\Lib\site-packages\sklearn\utils\_array_api.py", line 20, in <module>
    from sklearn.utils.fixes import parse_version
  File "C:\Users\10138\miniconda3\envs\med-rag-verify\Lib\site-packages\sklearn\utils\fixes.py", line 19, in <module>
    import pandas as pd
  File "C:\Users\10138\miniconda3\envs\med-rag-verify\Lib\site-packages\pandas\__init__.py", line 34, in <module>
    from pandas.compat import (
  File "C:\Users\10138\miniconda3\envs\med-rag-verify\Lib\site-packages\pandas\compat\__init__.py", line 28, in <module>
    from pandas.compat.pyarrow import (
  File "C:\Users\10138\miniconda3\envs\med-rag-verify\Lib\site-packages\pandas\compat\pyarrow.py", line 12, in <module>
    import pyarrow as pa
  File "C:\Users\10138\miniconda3\envs\med-rag-verify\Lib\site-packages\pyarrow\__init__.py", line 71, in <module>
    from pyarrow.lib import (BuildInfo, CppBuildInfo, RuntimeInfo, set_timezone_db_path,
  File "pyarrow/compat.pxi", line 37, in init pyarrow.lib
  File "<frozen importlib._bootstrap>", line 1176, in _find_and_load
  File "<frozen importlib._bootstrap>", line 1138, in _find_and_load_unlocked
  File "<frozen importlib._bootstrap>", line 1078, in _find_spec
  File "<frozen importlib._bootstrap_external>", line 1507, in find_spec
  File "<frozen importlib._bootstrap_external>", line 1479, in _get_spec
  File "<frozen importlib._bootstrap_external>", line 1619, in find_spec
  File "<frozen importlib._bootstrap_external>", line 1662, in _fill_cache
OSError: [WinError 6714] 与线程关联的当前事务上下文对于事务对象不是有效的句柄。: 'D:\\谷歌\\10 强约束规则开发与幻觉抑制\\src'

The above exception was the direct cause of the following exception:

Traceback (most recent call last):
  File "D:\谷歌\11 服务化与接口开发第一部分\app\api\qa.py", line 66, in qa
    result = rag.answer(
             ^^^^^^^^^^^
  File "D:\谷歌\11 服务化与接口开发第一部分\app\services\rag_service.py", line 128, in answer
    raise AppException(
app.core.exceptions.AppException: pipeline failed

The above exception was the direct cause of the following exception:

Traceback (most recent call last):
  File "D:\谷歌\11 服务化与接口开发第一部分\app\core\middleware.py", line 29, in dispatch
    response = await call_next(request)
               ^^^^^^^^^^^^^^^^^^^^^^^^
  File "C:\Users\10138\miniconda3\envs\med-rag-verify\Lib\site-packages\starlette\middleware\base.py", line 168, in call_next
    raise app_exc from app_exc.__cause__ or app_exc.__context__
  File "C:\Users\10138\miniconda3\envs\med-rag-verify\Lib\site-packages\starlette\middleware\base.py", line 144, in coro
    await self.app(scope, receive_or_disconnect, send_no_error)
  File "C:\Users\10138\miniconda3\envs\med-rag-verify\Lib\site-packages\starlette\middleware\exceptions.py", line 63, in __call__
    await wrap_app_handling_exceptions(self.app, conn)(scope, receive, send)
  File "C:\Users\10138\miniconda3\envs\med-rag-verify\Lib\site-packages\starlette\_exception_handler.py", line 53, in wrapped_app
    raise exc
  File "C:\Users\10138\miniconda3\envs\med-rag-verify\Lib\site-packages\starlette\_exception_handler.py", line 42, in wrapped_app
    await app(scope, receive, sender)
  File "C:\Users\10138\miniconda3\envs\med-rag-verify\Lib\site-packages\fastapi\middleware\asyncexitstack.py", line 18, in __call__
    await self.app(scope, receive, send)
  File "C:\Users\10138\miniconda3\envs\med-rag-verify\Lib\site-packages\starlette\routing.py", line 660, in __call__
    await self.middleware_stack(scope, receive, send)
  File "C:\Users\10138\miniconda3\envs\med-rag-verify\Lib\site-packages\fastapi\routing.py", line 2685, in app
    await route.handle(scope, receive, send)
  File "C:\Users\10138\miniconda3\envs\med-rag-verify\Lib\site-packages\fastapi\routing.py", line 1766, in handle
    await self.original_router.handle(scope, receive, send)
  File "C:\Users\10138\miniconda3\envs\med-rag-verify\Lib\site-packages\fastapi\routing.py", line 2740, in handle
    await included_router._handle_selected(scope, receive, send)
  File "C:\Users\10138\miniconda3\envs\med-rag-verify\Lib\site-packages\fastapi\routing.py", line 1786, in _handle_selected
    await original_route.handle(scope, receive, send)
  File "C:\Users\10138\miniconda3\envs\med-rag-verify\Lib\site-packages\fastapi\routing.py", line 1265, in handle
    await app(scope, receive, send)
  File "C:\Users\10138\miniconda3\envs\med-rag-verify\Lib\site-packages\fastapi\routing.py", line 151, in app
    await wrap_app_handling_exceptions(app, request)(scope, receive, send)
  File "C:\Users\10138\miniconda3\envs\med-rag-verify\Lib\site-packages\starlette\_exception_handler.py", line 53, in wrapped_app
    raise exc
  File "C:\Users\10138\miniconda3\envs\med-rag-verify\Lib\site-packages\starlette\_exception_handler.py", line 42, in wrapped_app
    await app(scope, receive, sender)
  File "C:\Users\10138\miniconda3\envs\med-rag-verify\Lib\site-packages\fastapi\routing.py", line 137, in app
    response = await f(request)
               ^^^^^^^^^^^^^^^^
  File "C:\Users\10138\miniconda3\envs\med-rag-verify\Lib\site-packages\fastapi\routing.py", line 691, in app
    raw_response = await run_endpoint_function(
                   ^^^^^^^^^^^^^^^^^^^^^^^^^^^^
  File "C:\Users\10138\miniconda3\envs\med-rag-verify\Lib\site-packages\fastapi\routing.py", line 347, in run_endpoint_function
    return await run_in_threadpool(dependant.call, **values)
           ^^^^^^^^^^^^^^^^^^^^^^^^^^^^^^^^^^^^^^^^^^^^^^^^^
  File "C:\Users\10138\miniconda3\envs\med-rag-verify\Lib\site-packages\starlette\concurrency.py", line 34, in run_in_threadpool
    return await anyio.to_thread.run_sync(func)
           ^^^^^^^^^^^^^^^^^^^^^^^^^^^^^^^^^^^^
  File "C:\Users\10138\miniconda3\envs\med-rag-verify\Lib\site-packages\anyio\to_thread.py", line 63, in run_sync
    return await get_async_backend().run_sync_in_worker_thread(
           ^^^^^^^^^^^^^^^^^^^^^^^^^^^^^^^^^^^^^^^^^^^^^^^^^^^^
  File "C:\Users\10138\miniconda3\envs\med-rag-verify\Lib\site-packages\anyio\_backends\_asyncio.py", line 2518, in run_sync_in_worker_thread
    return await future
           ^^^^^^^^^^^^
  File "C:\Users\10138\miniconda3\envs\med-rag-verify\Lib\site-packages\anyio\_backends\_asyncio.py", line 1002, in run
    result = context.run(func, *args)
             ^^^^^^^^^^^^^^^^^^^^^^^^
  File "D:\谷歌\11 服务化与接口开发第一部分\app\api\qa.py", line 107, in qa
    qa_logger.log(
  File "D:\谷歌\11 服务化与接口开发第一部分\app\services\qa_logger.py", line 64, in log
    with self.path.open("a", encoding="utf-8") as f:
         ^^^^^^^^^^^^^^^^^^^^^^^^^^^^^^^^^^^^^
  File "C:\Users\10138\miniconda3\envs\med-rag-verify\Lib\pathlib.py", line 1044, in open
    return io.open(self, mode, buffering, encoding, errors, newline)
           ^^^^^^^^^^^^^^^^^^^^^^^^^^^^^^^^^^^^^^^^^^^^^^^^^^^^^^^^^
OSError: [Errno 22] Invalid argument: 'D:\\谷歌\\11 服务化与接口开发第一部分\\outputs\\reports\\qa_calls_full_smoke.jsonl'
2026-07-25 07:20:14 | ERROR | med_rag_api.app.core.exceptions | unhandled_error path=/api/v1/qa
Traceback (most recent call last):
  File "D:\谷歌\11 服务化与接口开发第一部分\app\services\rag_service.py", line 115, in answer
    raw = pipeline.run(effective_query)
          ^^^^^^^^^^^^^^^^^^^^^^^^^^^^^
  File "D:\谷歌\10 强约束规则开发与幻觉抑制\src\constrained_pipeline.py", line 271, in run
    retrieval_result = self.retrieval_pipeline.run(query)
                       ^^^^^^^^^^^^^^^^^^^^^^^^^^^^^^^^^^
  File "D:\谷歌\06 检索系统开发第二部分\src\pipeline.py", line 134, in run
    retrieval = self.retriever.retrieve(
                ^^^^^^^^^^^^^^^^^^^^^^^^
  File "D:\谷歌\06 检索系统开发第二部分\src\multipath_retriever.py", line 122, in retrieve
    vector_hits = self.retrieve_vector(query_info, top_k=top_k_vector)
                  ^^^^^^^^^^^^^^^^^^^^^^^^^^^^^^^^^^^^^^^^^^^^^^^^^^^^
  File "D:\谷歌\06 检索系统开发第二部分\src\multipath_retriever.py", line 105, in retrieve_vector
    res = self.builder.query(query_info.vector_query, n_results=top_k, where_filter=where)
          ^^^^^^^^^^^^^^^^^^^^^^^^^^^^^^^^^^^^^^^^^^^^^^^^^^^^^^^^^^^^^^^^^^^^^^^^^^^^^^^^
  File "D:\谷歌\04 向量化与索引构建\src\index_builder.py", line 286, in query
    query_emb = self.embedder.encode_queries([query_text])
                ^^^^^^^^^^^^^^^^^^^^^^^^^^^^^^^^^^^^^^^^^^
  File "D:\谷歌\04 向量化与索引构建\src\embedder.py", line 135, in encode_queries
    return self._encode_texts(prefixed, show_progress=show_progress)
           ^^^^^^^^^^^^^^^^^^^^^^^^^^^^^^^^^^^^^^^^^^^^^^^^^^^^^^^^^
  File "D:\谷歌\04 向量化与索引构建\src\embedder.py", line 96, in _encode_texts
    self._ensure_loaded()
  File "D:\谷歌\04 向量化与索引构建\src\embedder.py", line 63, in _ensure_loaded
    from transformers import AutoModel, AutoTokenizer
  File "<frozen importlib._bootstrap>", line 1229, in _handle_fromlist
  File "C:\Users\10138\miniconda3\envs\med-rag-verify\Lib\site-packages\transformers\utils\import_utils.py", line 2317, in __getattr__
    module = self._get_module(self._class_to_module[name])
             ^^^^^^^^^^^^^^^^^^^^^^^^^^^^^^^^^^^^^^^^^^^^^
  File "C:\Users\10138\miniconda3\envs\med-rag-verify\Lib\site-packages\transformers\utils\import_utils.py", line 2347, in _get_module
    raise e
  File "C:\Users\10138\miniconda3\envs\med-rag-verify\Lib\site-packages\transformers\utils\import_utils.py", line 2345, in _get_module
    return importlib.import_module("." + module_name, self.__name__)
           ^^^^^^^^^^^^^^^^^^^^^^^^^^^^^^^^^^^^^^^^^^^^^^^^^^^^^^^^^
  File "C:\Users\10138\miniconda3\envs\med-rag-verify\Lib\importlib\__init__.py", line 126, in import_module
    return _bootstrap._gcd_import(name[level:], package, level)
           ^^^^^^^^^^^^^^^^^^^^^^^^^^^^^^^^^^^^^^^^^^^^^^^^^^^^
  File "C:\Users\10138\miniconda3\envs\med-rag-verify\Lib\site-packages\transformers\models\auto\modeling_auto.py", line 23, in <module>
    from .auto_factory import (
  File "C:\Users\10138\miniconda3\envs\med-rag-verify\Lib\site-packages\transformers\models\auto\auto_factory.py", line 43, in <module>
    from ...generation import GenerationMixin
  File "<frozen importlib._bootstrap>", line 1229, in _handle_fromlist
  File "C:\Users\10138\miniconda3\envs\med-rag-verify\Lib\site-packages\transformers\utils\import_utils.py", line 2317, in __getattr__
    module = self._get_module(self._class_to_module[name])
             ^^^^^^^^^^^^^^^^^^^^^^^^^^^^^^^^^^^^^^^^^^^^^
  File "C:\Users\10138\miniconda3\envs\med-rag-verify\Lib\site-packages\transformers\utils\import_utils.py", line 2347, in _get_module
    raise e
  File "C:\Users\10138\miniconda3\envs\med-rag-verify\Lib\site-packages\transformers\utils\import_utils.py", line 2345, in _get_module
    return importlib.import_module("." + module_name, self.__name__)
           ^^^^^^^^^^^^^^^^^^^^^^^^^^^^^^^^^^^^^^^^^^^^^^^^^^^^^^^^^
  File "C:\Users\10138\miniconda3\envs\med-rag-verify\Lib\importlib\__init__.py", line 126, in import_module
    return _bootstrap._gcd_import(name[level:], package, level)
           ^^^^^^^^^^^^^^^^^^^^^^^^^^^^^^^^^^^^^^^^^^^^^^^^^^^^
  File "C:\Users\10138\miniconda3\envs\med-rag-verify\Lib\site-packages\transformers\generation\utils.py", line 55, in <module>
    from .candidate_generator import (
  File "C:\Users\10138\miniconda3\envs\med-rag-verify\Lib\site-packages\transformers\generation\candidate_generator.py", line 29, in <module>
    from sklearn.metrics import roc_curve
  File "C:\Users\10138\miniconda3\envs\med-rag-verify\Lib\site-packages\sklearn\__init__.py", line 70, in <module>
    from sklearn.base import clone  # noqa: E402
    ^^^^^^^^^^^^^^^^^^^^^^^^^^^^^^
  File "C:\Users\10138\miniconda3\envs\med-rag-verify\Lib\site-packages\sklearn\base.py", line 19, in <module>
    from sklearn.utils._metadata_requests import _MetadataRequester, _routing_enabled
  File "C:\Users\10138\miniconda3\envs\med-rag-verify\Lib\site-packages\sklearn\utils\__init__.py", line 9, in <module>
    from sklearn.utils._chunking import gen_batches, gen_even_slices
  File "C:\Users\10138\miniconda3\envs\med-rag-verify\Lib\site-packages\sklearn\utils\_chunking.py", line 11, in <module>
    from sklearn.utils._param_validation import Interval, validate_params
  File "C:\Users\10138\miniconda3\envs\med-rag-verify\Lib\site-packages\sklearn\utils\_param_validation.py", line 17, in <module>
    from sklearn.utils.validation import _is_arraylike_not_scalar
  File "C:\Users\10138\miniconda3\envs\med-rag-verify\Lib\site-packages\sklearn\utils\validation.py", line 24, in <module>
    from sklearn.utils._array_api import (
  File "C:\Users\10138\miniconda3\envs\med-rag-verify\Lib\site-packages\sklearn\utils\_array_api.py", line 20, in <module>
    from sklearn.utils.fixes import parse_version
  File "C:\Users\10138\miniconda3\envs\med-rag-verify\Lib\site-packages\sklearn\utils\fixes.py", line 19, in <module>
    import pandas as pd
  File "C:\Users\10138\miniconda3\envs\med-rag-verify\Lib\site-packages\pandas\__init__.py", line 34, in <module>
    from pandas.compat import (
  File "C:\Users\10138\miniconda3\envs\med-rag-verify\Lib\site-packages\pandas\compat\__init__.py", line 28, in <module>
    from pandas.compat.pyarrow import (
  File "C:\Users\10138\miniconda3\envs\med-rag-verify\Lib\site-packages\pandas\compat\pyarrow.py", line 12, in <module>
    import pyarrow as pa
  File "C:\Users\10138\miniconda3\envs\med-rag-verify\Lib\site-packages\pyarrow\__init__.py", line 71, in <module>
    from pyarrow.lib import (BuildInfo, CppBuildInfo, RuntimeInfo, set_timezone_db_path,
  File "pyarrow/compat.pxi", line 37, in init pyarrow.lib
  File "<frozen importlib._bootstrap>", line 1176, in _find_and_load
  File "<frozen importlib._bootstrap>", line 1138, in _find_and_load_unlocked
  File "<frozen importlib._bootstrap>", line 1078, in _find_spec
  File "<frozen importlib._bootstrap_external>", line 1507, in find_spec
  File "<frozen importlib._bootstrap_external>", line 1479, in _get_spec
  File "<frozen importlib._bootstrap_external>", line 1619, in find_spec
  File "<frozen importlib._bootstrap_external>", line 1662, in _fill_cache
OSError: [WinError 6714] 与线程关联的当前事务上下文对于事务对象不是有效的句柄。: 'D:\\谷歌\\10 强约束规则开发与幻觉抑制\\src'

The above exception was the direct cause of the following exception:

Traceback (most recent call last):
  File "D:\谷歌\11 服务化与接口开发第一部分\app\api\qa.py", line 66, in qa
    result = rag.answer(
             ^^^^^^^^^^^
  File "D:\谷歌\11 服务化与接口开发第一部分\app\services\rag_service.py", line 128, in answer
    raise AppException(
app.core.exceptions.AppException: pipeline failed

The above exception was the direct cause of the following exception:

Traceback (most recent call last):
  File "C:\Users\10138\miniconda3\envs\med-rag-verify\Lib\site-packages\starlette\middleware\errors.py", line 164, in __call__
    await self.app(scope, receive, _send)
  File "C:\Users\10138\miniconda3\envs\med-rag-verify\Lib\site-packages\starlette\middleware\base.py", line 193, in __call__
    response = await self.dispatch_func(request, call_next)
               ^^^^^^^^^^^^^^^^^^^^^^^^^^^^^^^^^^^^^^^^^^^^
  File "D:\谷歌\11 服务化与接口开发第一部分\app\core\middleware.py", line 29, in dispatch
    response = await call_next(request)
               ^^^^^^^^^^^^^^^^^^^^^^^^
  File "C:\Users\10138\miniconda3\envs\med-rag-verify\Lib\site-packages\starlette\middleware\base.py", line 168, in call_next
    raise app_exc from app_exc.__cause__ or app_exc.__context__
  File "C:\Users\10138\miniconda3\envs\med-rag-verify\Lib\site-packages\starlette\middleware\base.py", line 144, in coro
    await self.app(scope, receive_or_disconnect, send_no_error)
  File "C:\Users\10138\miniconda3\envs\med-rag-verify\Lib\site-packages\starlette\middleware\exceptions.py", line 63, in __call__
    await wrap_app_handling_exceptions(self.app, conn)(scope, receive, send)
  File "C:\Users\10138\miniconda3\envs\med-rag-verify\Lib\site-packages\starlette\_exception_handler.py", line 53, in wrapped_app
    raise exc
  File "C:\Users\10138\miniconda3\envs\med-rag-verify\Lib\site-packages\starlette\_exception_handler.py", line 42, in wrapped_app
    await app(scope, receive, sender)
  File "C:\Users\10138\miniconda3\envs\med-rag-verify\Lib\site-packages\fastapi\middleware\asyncexitstack.py", line 18, in __call__
    await self.app(scope, receive, send)
  File "C:\Users\10138\miniconda3\envs\med-rag-verify\Lib\site-packages\starlette\routing.py", line 660, in __call__
    await self.middleware_stack(scope, receive, send)
  File "C:\Users\10138\miniconda3\envs\med-rag-verify\Lib\site-packages\fastapi\routing.py", line 2685, in app
    await route.handle(scope, receive, send)
  File "C:\Users\10138\miniconda3\envs\med-rag-verify\Lib\site-packages\fastapi\routing.py", line 1766, in handle
    await self.original_router.handle(scope, receive, send)
  File "C:\Users\10138\miniconda3\envs\med-rag-verify\Lib\site-packages\fastapi\routing.py", line 2740, in handle
    await included_router._handle_selected(scope, receive, send)
  File "C:\Users\10138\miniconda3\envs\med-rag-verify\Lib\site-packages\fastapi\routing.py", line 1786, in _handle_selected
    await original_route.handle(scope, receive, send)
  File "C:\Users\10138\miniconda3\envs\med-rag-verify\Lib\site-packages\fastapi\routing.py", line 1265, in handle
    await app(scope, receive, send)
  File "C:\Users\10138\miniconda3\envs\med-rag-verify\Lib\site-packages\fastapi\routing.py", line 151, in app
    await wrap_app_handling_exceptions(app, request)(scope, receive, send)
  File "C:\Users\10138\miniconda3\envs\med-rag-verify\Lib\site-packages\starlette\_exception_handler.py", line 53, in wrapped_app
    raise exc
  File "C:\Users\10138\miniconda3\envs\med-rag-verify\Lib\site-packages\starlette\_exception_handler.py", line 42, in wrapped_app
    await app(scope, receive, sender)
  File "C:\Users\10138\miniconda3\envs\med-rag-verify\Lib\site-packages\fastapi\routing.py", line 137, in app
    response = await f(request)
               ^^^^^^^^^^^^^^^^
  File "C:\Users\10138\miniconda3\envs\med-rag-verify\Lib\site-packages\fastapi\routing.py", line 691, in app
    raw_response = await run_endpoint_function(
                   ^^^^^^^^^^^^^^^^^^^^^^^^^^^^
  File "C:\Users\10138\miniconda3\envs\med-rag-verify\Lib\site-packages\fastapi\routing.py", line 347, in run_endpoint_function
    return await run_in_threadpool(dependant.call, **values)
           ^^^^^^^^^^^^^^^^^^^^^^^^^^^^^^^^^^^^^^^^^^^^^^^^^
  File "C:\Users\10138\miniconda3\envs\med-rag-verify\Lib\site-packages\starlette\concurrency.py", line 34, in run_in_threadpool
    return await anyio.to_thread.run_sync(func)
           ^^^^^^^^^^^^^^^^^^^^^^^^^^^^^^^^^^^^
  File "C:\Users\10138\miniconda3\envs\med-rag-verify\Lib\site-packages\anyio\to_thread.py", line 63, in run_sync
    return await get_async_backend().run_sync_in_worker_thread(
           ^^^^^^^^^^^^^^^^^^^^^^^^^^^^^^^^^^^^^^^^^^^^^^^^^^^^
  File "C:\Users\10138\miniconda3\envs\med-rag-verify\Lib\site-packages\anyio\_backends\_asyncio.py", line 2518, in run_sync_in_worker_thread
    return await future
           ^^^^^^^^^^^^
  File "C:\Users\10138\miniconda3\envs\med-rag-verify\Lib\site-packages\anyio\_backends\_asyncio.py", line 1002, in run
    result = context.run(func, *args)
             ^^^^^^^^^^^^^^^^^^^^^^^^
  File "D:\谷歌\11 服务化与接口开发第一部分\app\api\qa.py", line 107, in qa
    qa_logger.log(
  File "D:\谷歌\11 服务化与接口开发第一部分\app\services\qa_logger.py", line 64, in log
    with self.path.open("a", encoding="utf-8") as f:
         ^^^^^^^^^^^^^^^^^^^^^^^^^^^^^^^^^^^^^
  File "C:\Users\10138\miniconda3\envs\med-rag-verify\Lib\pathlib.py", line 1044, in open
    return io.open(self, mode, buffering, encoding, errors, newline)
           ^^^^^^^^^^^^^^^^^^^^^^^^^^^^^^^^^^^^^^^^^^^^^^^^^^^^^^^^^
OSError: [Errno 22] Invalid argument: 'D:\\谷歌\\11 服务化与接口开发第一部分\\outputs\\reports\\qa_calls_full_smoke.jsonl'
2026-07-25 07:20:14 | ERROR | med_rag_api.full_smoke | full_http_smoke_failed
Traceback (most recent call last):
  File "D:\谷歌\11 服务化与接口开发第一部分\app\services\rag_service.py", line 115, in answer
    raw = pipeline.run(effective_query)
          ^^^^^^^^^^^^^^^^^^^^^^^^^^^^^
  File "D:\谷歌\10 强约束规则开发与幻觉抑制\src\constrained_pipeline.py", line 271, in run
    retrieval_result = self.retrieval_pipeline.run(query)
                       ^^^^^^^^^^^^^^^^^^^^^^^^^^^^^^^^^^
  File "D:\谷歌\06 检索系统开发第二部分\src\pipeline.py", line 134, in run
    retrieval = self.retriever.retrieve(
                ^^^^^^^^^^^^^^^^^^^^^^^^
  File "D:\谷歌\06 检索系统开发第二部分\src\multipath_retriever.py", line 122, in retrieve
    vector_hits = self.retrieve_vector(query_info, top_k=top_k_vector)
                  ^^^^^^^^^^^^^^^^^^^^^^^^^^^^^^^^^^^^^^^^^^^^^^^^^^^^
  File "D:\谷歌\06 检索系统开发第二部分\src\multipath_retriever.py", line 105, in retrieve_vector
    res = self.builder.query(query_info.vector_query, n_results=top_k, where_filter=where)
          ^^^^^^^^^^^^^^^^^^^^^^^^^^^^^^^^^^^^^^^^^^^^^^^^^^^^^^^^^^^^^^^^^^^^^^^^^^^^^^^^
  File "D:\谷歌\04 向量化与索引构建\src\index_builder.py", line 286, in query
    query_emb = self.embedder.encode_queries([query_text])
                ^^^^^^^^^^^^^^^^^^^^^^^^^^^^^^^^^^^^^^^^^^
  File "D:\谷歌\04 向量化与索引构建\src\embedder.py", line 135, in encode_queries
    return self._encode_texts(prefixed, show_progress=show_progress)
           ^^^^^^^^^^^^^^^^^^^^^^^^^^^^^^^^^^^^^^^^^^^^^^^^^^^^^^^^^
  File "D:\谷歌\04 向量化与索引构建\src\embedder.py", line 96, in _encode_texts
    self._ensure_loaded()
  File "D:\谷歌\04 向量化与索引构建\src\embedder.py", line 63, in _ensure_loaded
    from transformers import AutoModel, AutoTokenizer
  File "<frozen importlib._bootstrap>", line 1229, in _handle_fromlist
  File "C:\Users\10138\miniconda3\envs\med-rag-verify\Lib\site-packages\transformers\utils\import_utils.py", line 2317, in __getattr__
    module = self._get_module(self._class_to_module[name])
             ^^^^^^^^^^^^^^^^^^^^^^^^^^^^^^^^^^^^^^^^^^^^^
  File "C:\Users\10138\miniconda3\envs\med-rag-verify\Lib\site-packages\transformers\utils\import_utils.py", line 2347, in _get_module
    raise e
  File "C:\Users\10138\miniconda3\envs\med-rag-verify\Lib\site-packages\transformers\utils\import_utils.py", line 2345, in _get_module
    return importlib.import_module("." + module_name, self.__name__)
           ^^^^^^^^^^^^^^^^^^^^^^^^^^^^^^^^^^^^^^^^^^^^^^^^^^^^^^^^^
  File "C:\Users\10138\miniconda3\envs\med-rag-verify\Lib\importlib\__init__.py", line 126, in import_module
    return _bootstrap._gcd_import(name[level:], package, level)
           ^^^^^^^^^^^^^^^^^^^^^^^^^^^^^^^^^^^^^^^^^^^^^^^^^^^^
  File "C:\Users\10138\miniconda3\envs\med-rag-verify\Lib\site-packages\transformers\models\auto\modeling_auto.py", line 23, in <module>
    from .auto_factory import (
  File "C:\Users\10138\miniconda3\envs\med-rag-verify\Lib\site-packages\transformers\models\auto\auto_factory.py", line 43, in <module>
    from ...generation import GenerationMixin
  File "<frozen importlib._bootstrap>", line 1229, in _handle_fromlist
  File "C:\Users\10138\miniconda3\envs\med-rag-verify\Lib\site-packages\transformers\utils\import_utils.py", line 2317, in __getattr__
    module = self._get_module(self._class_to_module[name])
             ^^^^^^^^^^^^^^^^^^^^^^^^^^^^^^^^^^^^^^^^^^^^^
  File "C:\Users\10138\miniconda3\envs\med-rag-verify\Lib\site-packages\transformers\utils\import_utils.py", line 2347, in _get_module
    raise e
  File "C:\Users\10138\miniconda3\envs\med-rag-verify\Lib\site-packages\transformers\utils\import_utils.py", line 2345, in _get_module
    return importlib.import_module("." + module_name, self.__name__)
           ^^^^^^^^^^^^^^^^^^^^^^^^^^^^^^^^^^^^^^^^^^^^^^^^^^^^^^^^^
  File "C:\Users\10138\miniconda3\envs\med-rag-verify\Lib\importlib\__init__.py", line 126, in import_module
    return _bootstrap._gcd_import(name[level:], package, level)
           ^^^^^^^^^^^^^^^^^^^^^^^^^^^^^^^^^^^^^^^^^^^^^^^^^^^^
  File "C:\Users\10138\miniconda3\envs\med-rag-verify\Lib\site-packages\transformers\generation\utils.py", line 55, in <module>
    from .candidate_generator import (
  File "C:\Users\10138\miniconda3\envs\med-rag-verify\Lib\site-packages\transformers\generation\candidate_generator.py", line 29, in <module>
    from sklearn.metrics import roc_curve
  File "C:\Users\10138\miniconda3\envs\med-rag-verify\Lib\site-packages\sklearn\__init__.py", line 70, in <module>
    from sklearn.base import clone  # noqa: E402
    ^^^^^^^^^^^^^^^^^^^^^^^^^^^^^^
  File "C:\Users\10138\miniconda3\envs\med-rag-verify\Lib\site-packages\sklearn\base.py", line 19, in <module>
    from sklearn.utils._metadata_requests import _MetadataRequester, _routing_enabled
  File "C:\Users\10138\miniconda3\envs\med-rag-verify\Lib\site-packages\sklearn\utils\__init__.py", line 9, in <module>
    from sklearn.utils._chunking import gen_batches, gen_even_slices
  File "C:\Users\10138\miniconda3\envs\med-rag-verify\Lib\site-packages\sklearn\utils\_chunking.py", line 11, in <module>
    from sklearn.utils._param_validation import Interval, validate_params
  File "C:\Users\10138\miniconda3\envs\med-rag-verify\Lib\site-packages\sklearn\utils\_param_validation.py", line 17, in <module>
    from sklearn.utils.validation import _is_arraylike_not_scalar
  File "C:\Users\10138\miniconda3\envs\med-rag-verify\Lib\site-packages\sklearn\utils\validation.py", line 24, in <module>
    from sklearn.utils._array_api import (
  File "C:\Users\10138\miniconda3\envs\med-rag-verify\Lib\site-packages\sklearn\utils\_array_api.py", line 20, in <module>
    from sklearn.utils.fixes import parse_version
  File "C:\Users\10138\miniconda3\envs\med-rag-verify\Lib\site-packages\sklearn\utils\fixes.py", line 19, in <module>
    import pandas as pd
  File "C:\Users\10138\miniconda3\envs\med-rag-verify\Lib\site-packages\pandas\__init__.py", line 34, in <module>
    from pandas.compat import (
  File "C:\Users\10138\miniconda3\envs\med-rag-verify\Lib\site-packages\pandas\compat\__init__.py", line 28, in <module>
    from pandas.compat.pyarrow import (
  File "C:\Users\10138\miniconda3\envs\med-rag-verify\Lib\site-packages\pandas\compat\pyarrow.py", line 12, in <module>
    import pyarrow as pa
  File "C:\Users\10138\miniconda3\envs\med-rag-verify\Lib\site-packages\pyarrow\__init__.py", line 71, in <module>
    from pyarrow.lib import (BuildInfo, CppBuildInfo, RuntimeInfo, set_timezone_db_path,
  File "pyarrow/compat.pxi", line 37, in init pyarrow.lib
  File "<frozen importlib._bootstrap>", line 1176, in _find_and_load
  File "<frozen importlib._bootstrap>", line 1138, in _find_and_load_unlocked
  File "<frozen importlib._bootstrap>", line 1078, in _find_spec
  File "<frozen importlib._bootstrap_external>", line 1507, in find_spec
  File "<frozen importlib._bootstrap_external>", line 1479, in _get_spec
  File "<frozen importlib._bootstrap_external>", line 1619, in find_spec
  File "<frozen importlib._bootstrap_external>", line 1662, in _fill_cache
OSError: [WinError 6714] 与线程关联的当前事务上下文对于事务对象不是有效的句柄。: 'D:\\谷歌\\10 强约束规则开发与幻觉抑制\\src'

The above exception was the direct cause of the following exception:

Traceback (most recent call last):
  File "D:\谷歌\11 服务化与接口开发第一部分\app\api\qa.py", line 66, in qa
    result = rag.answer(
             ^^^^^^^^^^^
  File "D:\谷歌\11 服务化与接口开发第一部分\app\services\rag_service.py", line 128, in answer
    raise AppException(
app.core.exceptions.AppException: pipeline failed

The above exception was the direct cause of the following exception:

Traceback (most recent call last):
  File "D:\谷歌\11 服务化与接口开发第一部分\app\full_smoke.py", line 138, in run_full_http_smoke
    resp = client.post(
           ^^^^^^^^^^^^
  File "C:\Users\10138\miniconda3\envs\med-rag-verify\Lib\site-packages\starlette\testclient.py", line 555, in post
    return super().post(
           ^^^^^^^^^^^^^
  File "C:\Users\10138\miniconda3\envs\med-rag-verify\Lib\site-packages\httpx\_client.py", line 1144, in post
    return self.request(
           ^^^^^^^^^^^^^
  File "C:\Users\10138\miniconda3\envs\med-rag-verify\Lib\site-packages\starlette\testclient.py", line 454, in request
    return super().request(
           ^^^^^^^^^^^^^^^^
  File "C:\Users\10138\miniconda3\envs\med-rag-verify\Lib\site-packages\httpx\_client.py", line 825, in request
    return self.send(request, auth=auth, follow_redirects=follow_redirects)
           ^^^^^^^^^^^^^^^^^^^^^^^^^^^^^^^^^^^^^^^^^^^^^^^^^^^^^^^^^^^^^^^^
  File "C:\Users\10138\miniconda3\envs\med-rag-verify\Lib\site-packages\httpx\_client.py", line 914, in send
    response = self._send_handling_auth(
               ^^^^^^^^^^^^^^^^^^^^^^^^^
  File "C:\Users\10138\miniconda3\envs\med-rag-verify\Lib\site-packages\httpx\_client.py", line 942, in _send_handling_auth
    response = self._send_handling_redirects(
               ^^^^^^^^^^^^^^^^^^^^^^^^^^^^^^
  File "C:\Users\10138\miniconda3\envs\med-rag-verify\Lib\site-packages\httpx\_client.py", line 979, in _send_handling_redirects
    response = self._send_single_request(request)
               ^^^^^^^^^^^^^^^^^^^^^^^^^^^^^^^^^^
  File "C:\Users\10138\miniconda3\envs\med-rag-verify\Lib\site-packages\httpx\_client.py", line 1014, in _send_single_request
    response = transport.handle_request(request)
               ^^^^^^^^^^^^^^^^^^^^^^^^^^^^^^^^^
  File "C:\Users\10138\miniconda3\envs\med-rag-verify\Lib\site-packages\starlette\testclient.py", line 356, in handle_request
    raise exc
  File "C:\Users\10138\miniconda3\envs\med-rag-verify\Lib\site-packages\starlette\testclient.py", line 353, in handle_request
    portal.call(self.app, scope, receive, send)
  File "C:\Users\10138\miniconda3\envs\med-rag-verify\Lib\site-packages\anyio\from_thread.py", line 334, in call
    return cast(T_Retval, self.start_task_soon(func, *args).result())
                          ^^^^^^^^^^^^^^^^^^^^^^^^^^^^^^^^^^^^^^^^^^
  File "C:\Users\10138\miniconda3\envs\med-rag-verify\Lib\concurrent\futures\_base.py", line 456, in result
    return self.__get_result()
           ^^^^^^^^^^^^^^^^^^^
  File "C:\Users\10138\miniconda3\envs\med-rag-verify\Lib\concurrent\futures\_base.py", line 401, in __get_result
    raise self._exception
  File "C:\Users\10138\miniconda3\envs\med-rag-verify\Lib\site-packages\anyio\from_thread.py", line 259, in _call_func
    retval = await retval_or_awaitable
             ^^^^^^^^^^^^^^^^^^^^^^^^^
  File "C:\Users\10138\miniconda3\envs\med-rag-verify\Lib\site-packages\fastapi\applications.py", line 1163, in __call__
    await super().__call__(scope, receive, send)
  File "C:\Users\10138\miniconda3\envs\med-rag-verify\Lib\site-packages\starlette\applications.py", line 90, in __call__
    await self.middleware_stack(scope, receive, send)
  File "C:\Users\10138\miniconda3\envs\med-rag-verify\Lib\site-packages\starlette\middleware\errors.py", line 186, in __call__
    raise exc
  File "C:\Users\10138\miniconda3\envs\med-rag-verify\Lib\site-packages\starlette\middleware\errors.py", line 164, in __call__
    await self.app(scope, receive, _send)
  File "C:\Users\10138\miniconda3\envs\med-rag-verify\Lib\site-packages\starlette\middleware\base.py", line 193, in __call__
    response = await self.dispatch_func(request, call_next)
               ^^^^^^^^^^^^^^^^^^^^^^^^^^^^^^^^^^^^^^^^^^^^
  File "D:\谷歌\11 服务化与接口开发第一部分\app\core\middleware.py", line 29, in dispatch
    response = await call_next(request)
               ^^^^^^^^^^^^^^^^^^^^^^^^
  File "C:\Users\10138\miniconda3\envs\med-rag-verify\Lib\site-packages\starlette\middleware\base.py", line 168, in call_next
    raise app_exc from app_exc.__cause__ or app_exc.__context__
  File "C:\Users\10138\miniconda3\envs\med-rag-verify\Lib\site-packages\starlette\middleware\base.py", line 144, in coro
    await self.app(scope, receive_or_disconnect, send_no_error)
  File "C:\Users\10138\miniconda3\envs\med-rag-verify\Lib\site-packages\starlette\middleware\exceptions.py", line 63, in __call__
    await wrap_app_handling_exceptions(self.app, conn)(scope, receive, send)
  File "C:\Users\10138\miniconda3\envs\med-rag-verify\Lib\site-packages\starlette\_exception_handler.py", line 53, in wrapped_app
    raise exc
  File "C:\Users\10138\miniconda3\envs\med-rag-verify\Lib\site-packages\starlette\_exception_handler.py", line 42, in wrapped_app
    await app(scope, receive, sender)
  File "C:\Users\10138\miniconda3\envs\med-rag-verify\Lib\site-packages\fastapi\middleware\asyncexitstack.py", line 18, in __call__
    await self.app(scope, receive, send)
  File "C:\Users\10138\miniconda3\envs\med-rag-verify\Lib\site-packages\starlette\routing.py", line 660, in __call__
    await self.middleware_stack(scope, receive, send)
  File "C:\Users\10138\miniconda3\envs\med-rag-verify\Lib\site-packages\fastapi\routing.py", line 2685, in app
    await route.handle(scope, receive, send)
  File "C:\Users\10138\miniconda3\envs\med-rag-verify\Lib\site-packages\fastapi\routing.py", line 1766, in handle
    await self.original_router.handle(scope, receive, send)
  File "C:\Users\10138\miniconda3\envs\med-rag-verify\Lib\site-packages\fastapi\routing.py", line 2740, in handle
    await included_router._handle_selected(scope, receive, send)
  File "C:\Users\10138\miniconda3\envs\med-rag-verify\Lib\site-packages\fastapi\routing.py", line 1786, in _handle_selected
    await original_route.handle(scope, receive, send)
  File "C:\Users\10138\miniconda3\envs\med-rag-verify\Lib\site-packages\fastapi\routing.py", line 1265, in handle
    await app(scope, receive, send)
  File "C:\Users\10138\miniconda3\envs\med-rag-verify\Lib\site-packages\fastapi\routing.py", line 151, in app
    await wrap_app_handling_exceptions(app, request)(scope, receive, send)
  File "C:\Users\10138\miniconda3\envs\med-rag-verify\Lib\site-packages\starlette\_exception_handler.py", line 53, in wrapped_app
    raise exc
  File "C:\Users\10138\miniconda3\envs\med-rag-verify\Lib\site-packages\starlette\_exception_handler.py", line 42, in wrapped_app
    await app(scope, receive, sender)
  File "C:\Users\10138\miniconda3\envs\med-rag-verify\Lib\site-packages\fastapi\routing.py", line 137, in app
    response = await f(request)
               ^^^^^^^^^^^^^^^^
  File "C:\Users\10138\miniconda3\envs\med-rag-verify\Lib\site-packages\fastapi\routing.py", line 691, in app
    raw_response = await run_endpoint_function(
                   ^^^^^^^^^^^^^^^^^^^^^^^^^^^^
  File "C:\Users\10138\miniconda3\envs\med-rag-verify\Lib\site-packages\fastapi\routing.py", line 347, in run_endpoint_function
    return await run_in_threadpool(dependant.call, **values)
           ^^^^^^^^^^^^^^^^^^^^^^^^^^^^^^^^^^^^^^^^^^^^^^^^^
  File "C:\Users\10138\miniconda3\envs\med-rag-verify\Lib\site-packages\starlette\concurrency.py", line 34, in run_in_threadpool
    return await anyio.to_thread.run_sync(func)
           ^^^^^^^^^^^^^^^^^^^^^^^^^^^^^^^^^^^^
  File "C:\Users\10138\miniconda3\envs\med-rag-verify\Lib\site-packages\anyio\to_thread.py", line 63, in run_sync
    return await get_async_backend().run_sync_in_worker_thread(
           ^^^^^^^^^^^^^^^^^^^^^^^^^^^^^^^^^^^^^^^^^^^^^^^^^^^^
  File "C:\Users\10138\miniconda3\envs\med-rag-verify\Lib\site-packages\anyio\_backends\_asyncio.py", line 2518, in run_sync_in_worker_thread
    return await future
           ^^^^^^^^^^^^
  File "C:\Users\10138\miniconda3\envs\med-rag-verify\Lib\site-packages\anyio\_backends\_asyncio.py", line 1002, in run
    result = context.run(func, *args)
             ^^^^^^^^^^^^^^^^^^^^^^^^
  File "D:\谷歌\11 服务化与接口开发第一部分\app\api\qa.py", line 107, in qa
    qa_logger.log(
  File "D:\谷歌\11 服务化与接口开发第一部分\app\services\qa_logger.py", line 64, in log
    with self.path.open("a", encoding="utf-8") as f:
         ^^^^^^^^^^^^^^^^^^^^^^^^^^^^^^^^^^^^^
  File "C:\Users\10138\miniconda3\envs\med-rag-verify\Lib\pathlib.py", line 1044, in open
    return io.open(self, mode, buffering, encoding, errors, newline)
           ^^^^^^^^^^^^^^^^^^^^^^^^^^^^^^^^^^^^^^^^^^^^^^^^^^^^^^^^^
OSError: [Errno 22] Invalid argument: 'D:\\谷歌\\11 服务化与接口开发第一部分\\outputs\\reports\\qa_calls_full_smoke.jsonl'
2026-07-25 07:20:53 | INFO | med_rag_api.main | app_created version=0.0.1 retrieval_mode=sample backend=constrained10
2026-07-25 07:20:55 | INFO | med_rag_api.rag_service | pipeline_loaded backend=constrained10 mode=full
2026-07-25 07:20:55 | INFO | med_rag_api.full_smoke | full_pipeline_warmup_sec=1.8
2026-07-25 07:20:55 | INFO | med_rag_api.middleware | request method=GET path=/ready status=200 request_id=afdf9cb4-e6a4-4995-807b-65b1bf1af5d1 elapsed_ms=3.7
2026-07-25 07:20:59 | ERROR | med_rag_api.middleware | request_failed method=POST path=/api/v1/qa request_id=4d5188df-a321-4493-b491-881c0df04d17 elapsed_ms=4446.1
Traceback (most recent call last):
  File "D:\谷歌\11 服务化与接口开发第一部分\app\services\rag_service.py", line 115, in answer
    raw = pipeline.run(effective_query)
          ^^^^^^^^^^^^^^^^^^^^^^^^^^^^^
  File "D:\谷歌\10 强约束规则开发与幻觉抑制\src\constrained_pipeline.py", line 271, in run
    retrieval_result = self.retrieval_pipeline.run(query)
                       ^^^^^^^^^^^^^^^^^^^^^^^^^^^^^^^^^^
  File "D:\谷歌\06 检索系统开发第二部分\src\pipeline.py", line 134, in run
    retrieval = self.retriever.retrieve(
                ^^^^^^^^^^^^^^^^^^^^^^^^
  File "D:\谷歌\06 检索系统开发第二部分\src\multipath_retriever.py", line 122, in retrieve
    vector_hits = self.retrieve_vector(query_info, top_k=top_k_vector)
                  ^^^^^^^^^^^^^^^^^^^^^^^^^^^^^^^^^^^^^^^^^^^^^^^^^^^^
  File "D:\谷歌\06 检索系统开发第二部分\src\multipath_retriever.py", line 105, in retrieve_vector
    res = self.builder.query(query_info.vector_query, n_results=top_k, where_filter=where)
          ^^^^^^^^^^^^^^^^^^^^^^^^^^^^^^^^^^^^^^^^^^^^^^^^^^^^^^^^^^^^^^^^^^^^^^^^^^^^^^^^
  File "D:\谷歌\04 向量化与索引构建\src\index_builder.py", line 286, in query
    query_emb = self.embedder.encode_queries([query_text])
                ^^^^^^^^^^^^^^^^^^^^^^^^^^^^^^^^^^^^^^^^^^
  File "D:\谷歌\04 向量化与索引构建\src\embedder.py", line 135, in encode_queries
    return self._encode_texts(prefixed, show_progress=show_progress)
           ^^^^^^^^^^^^^^^^^^^^^^^^^^^^^^^^^^^^^^^^^^^^^^^^^^^^^^^^^
  File "D:\谷歌\04 向量化与索引构建\src\embedder.py", line 96, in _encode_texts
    self._ensure_loaded()
  File "D:\谷歌\04 向量化与索引构建\src\embedder.py", line 63, in _ensure_loaded
    from transformers import AutoModel, AutoTokenizer
  File "<frozen importlib._bootstrap>", line 1229, in _handle_fromlist
  File "C:\Users\10138\miniconda3\envs\med-rag-verify\Lib\site-packages\transformers\utils\import_utils.py", line 2317, in __getattr__
    module = self._get_module(self._class_to_module[name])
             ^^^^^^^^^^^^^^^^^^^^^^^^^^^^^^^^^^^^^^^^^^^^^
  File "C:\Users\10138\miniconda3\envs\med-rag-verify\Lib\site-packages\transformers\utils\import_utils.py", line 2347, in _get_module
    raise e
  File "C:\Users\10138\miniconda3\envs\med-rag-verify\Lib\site-packages\transformers\utils\import_utils.py", line 2345, in _get_module
    return importlib.import_module("." + module_name, self.__name__)
           ^^^^^^^^^^^^^^^^^^^^^^^^^^^^^^^^^^^^^^^^^^^^^^^^^^^^^^^^^
  File "C:\Users\10138\miniconda3\envs\med-rag-verify\Lib\importlib\__init__.py", line 126, in import_module
    return _bootstrap._gcd_import(name[level:], package, level)
           ^^^^^^^^^^^^^^^^^^^^^^^^^^^^^^^^^^^^^^^^^^^^^^^^^^^^
  File "C:\Users\10138\miniconda3\envs\med-rag-verify\Lib\site-packages\transformers\models\auto\modeling_auto.py", line 23, in <module>
    from .auto_factory import (
  File "C:\Users\10138\miniconda3\envs\med-rag-verify\Lib\site-packages\transformers\models\auto\auto_factory.py", line 43, in <module>
    from ...generation import GenerationMixin
  File "<frozen importlib._bootstrap>", line 1229, in _handle_fromlist
  File "C:\Users\10138\miniconda3\envs\med-rag-verify\Lib\site-packages\transformers\utils\import_utils.py", line 2317, in __getattr__
    module = self._get_module(self._class_to_module[name])
             ^^^^^^^^^^^^^^^^^^^^^^^^^^^^^^^^^^^^^^^^^^^^^
  File "C:\Users\10138\miniconda3\envs\med-rag-verify\Lib\site-packages\transformers\utils\import_utils.py", line 2347, in _get_module
    raise e
  File "C:\Users\10138\miniconda3\envs\med-rag-verify\Lib\site-packages\transformers\utils\import_utils.py", line 2345, in _get_module
    return importlib.import_module("." + module_name, self.__name__)
           ^^^^^^^^^^^^^^^^^^^^^^^^^^^^^^^^^^^^^^^^^^^^^^^^^^^^^^^^^
  File "C:\Users\10138\miniconda3\envs\med-rag-verify\Lib\importlib\__init__.py", line 126, in import_module
    return _bootstrap._gcd_import(name[level:], package, level)
           ^^^^^^^^^^^^^^^^^^^^^^^^^^^^^^^^^^^^^^^^^^^^^^^^^^^^
  File "C:\Users\10138\miniconda3\envs\med-rag-verify\Lib\site-packages\transformers\generation\utils.py", line 55, in <module>
    from .candidate_generator import (
  File "C:\Users\10138\miniconda3\envs\med-rag-verify\Lib\site-packages\transformers\generation\candidate_generator.py", line 29, in <module>
    from sklearn.metrics import roc_curve
  File "C:\Users\10138\miniconda3\envs\med-rag-verify\Lib\site-packages\sklearn\__init__.py", line 70, in <module>
    from sklearn.base import clone  # noqa: E402
    ^^^^^^^^^^^^^^^^^^^^^^^^^^^^^^
  File "C:\Users\10138\miniconda3\envs\med-rag-verify\Lib\site-packages\sklearn\base.py", line 19, in <module>
    from sklearn.utils._metadata_requests import _MetadataRequester, _routing_enabled
  File "C:\Users\10138\miniconda3\envs\med-rag-verify\Lib\site-packages\sklearn\utils\__init__.py", line 9, in <module>
    from sklearn.utils._chunking import gen_batches, gen_even_slices
  File "C:\Users\10138\miniconda3\envs\med-rag-verify\Lib\site-packages\sklearn\utils\_chunking.py", line 11, in <module>
    from sklearn.utils._param_validation import Interval, validate_params
  File "C:\Users\10138\miniconda3\envs\med-rag-verify\Lib\site-packages\sklearn\utils\_param_validation.py", line 17, in <module>
    from sklearn.utils.validation import _is_arraylike_not_scalar
  File "C:\Users\10138\miniconda3\envs\med-rag-verify\Lib\site-packages\sklearn\utils\validation.py", line 24, in <module>
    from sklearn.utils._array_api import (
  File "C:\Users\10138\miniconda3\envs\med-rag-verify\Lib\site-packages\sklearn\utils\_array_api.py", line 20, in <module>
    from sklearn.utils.fixes import parse_version
  File "C:\Users\10138\miniconda3\envs\med-rag-verify\Lib\site-packages\sklearn\utils\fixes.py", line 19, in <module>
    import pandas as pd
  File "C:\Users\10138\miniconda3\envs\med-rag-verify\Lib\site-packages\pandas\__init__.py", line 34, in <module>
    from pandas.compat import (
  File "C:\Users\10138\miniconda3\envs\med-rag-verify\Lib\site-packages\pandas\compat\__init__.py", line 28, in <module>
    from pandas.compat.pyarrow import (
  File "C:\Users\10138\miniconda3\envs\med-rag-verify\Lib\site-packages\pandas\compat\pyarrow.py", line 12, in <module>
    import pyarrow as pa
  File "C:\Users\10138\miniconda3\envs\med-rag-verify\Lib\site-packages\pyarrow\__init__.py", line 71, in <module>
    from pyarrow.lib import (BuildInfo, CppBuildInfo, RuntimeInfo, set_timezone_db_path,
  File "pyarrow/compat.pxi", line 37, in init pyarrow.lib
  File "<frozen importlib._bootstrap>", line 1176, in _find_and_load
  File "<frozen importlib._bootstrap>", line 1138, in _find_and_load_unlocked
  File "<frozen importlib._bootstrap>", line 1078, in _find_spec
  File "<frozen importlib._bootstrap_external>", line 1507, in find_spec
  File "<frozen importlib._bootstrap_external>", line 1479, in _get_spec
  File "<frozen importlib._bootstrap_external>", line 1619, in find_spec
  File "<frozen importlib._bootstrap_external>", line 1662, in _fill_cache
OSError: [WinError 6714] 与线程关联的当前事务上下文对于事务对象不是有效的句柄。: 'D:\\谷歌\\10 强约束规则开发与幻觉抑制\\src'

The above exception was the direct cause of the following exception:

Traceback (most recent call last):
  File "D:\谷歌\11 服务化与接口开发第一部分\app\api\qa.py", line 66, in qa
    result = rag.answer(
             ^^^^^^^^^^^
  File "D:\谷歌\11 服务化与接口开发第一部分\app\services\rag_service.py", line 128, in answer
    raise AppException(
app.core.exceptions.AppException: pipeline failed

During handling of the above exception, another exception occurred:

Traceback (most recent call last):
  File "C:\Users\10138\miniconda3\envs\med-rag-verify\Lib\pathlib.py", line 1116, in mkdir
    os.mkdir(self, mode)
OSError: [WinError 6714] 与线程关联的当前事务上下文对于事务对象不是有效的句柄。: 'D:\\谷歌\\11 服务化与接口开发第一部分\\outputs\\reports'

The above exception was the direct cause of the following exception:

Traceback (most recent call last):
  File "D:\谷歌\11 服务化与接口开发第一部分\app\core\middleware.py", line 29, in dispatch
    response = await call_next(request)
               ^^^^^^^^^^^^^^^^^^^^^^^^
  File "C:\Users\10138\miniconda3\envs\med-rag-verify\Lib\site-packages\starlette\middleware\base.py", line 168, in call_next
    raise app_exc from app_exc.__cause__ or app_exc.__context__
  File "C:\Users\10138\miniconda3\envs\med-rag-verify\Lib\site-packages\starlette\middleware\base.py", line 144, in coro
    await self.app(scope, receive_or_disconnect, send_no_error)
  File "C:\Users\10138\miniconda3\envs\med-rag-verify\Lib\site-packages\starlette\middleware\exceptions.py", line 63, in __call__
    await wrap_app_handling_exceptions(self.app, conn)(scope, receive, send)
  File "C:\Users\10138\miniconda3\envs\med-rag-verify\Lib\site-packages\starlette\_exception_handler.py", line 53, in wrapped_app
    raise exc
  File "C:\Users\10138\miniconda3\envs\med-rag-verify\Lib\site-packages\starlette\_exception_handler.py", line 42, in wrapped_app
    await app(scope, receive, sender)
  File "C:\Users\10138\miniconda3\envs\med-rag-verify\Lib\site-packages\fastapi\middleware\asyncexitstack.py", line 18, in __call__
    await self.app(scope, receive, send)
  File "C:\Users\10138\miniconda3\envs\med-rag-verify\Lib\site-packages\starlette\routing.py", line 660, in __call__
    await self.middleware_stack(scope, receive, send)
  File "C:\Users\10138\miniconda3\envs\med-rag-verify\Lib\site-packages\fastapi\routing.py", line 2685, in app
    await route.handle(scope, receive, send)
  File "C:\Users\10138\miniconda3\envs\med-rag-verify\Lib\site-packages\fastapi\routing.py", line 1766, in handle
    await self.original_router.handle(scope, receive, send)
  File "C:\Users\10138\miniconda3\envs\med-rag-verify\Lib\site-packages\fastapi\routing.py", line 2740, in handle
    await included_router._handle_selected(scope, receive, send)
  File "C:\Users\10138\miniconda3\envs\med-rag-verify\Lib\site-packages\fastapi\routing.py", line 1786, in _handle_selected
    await original_route.handle(scope, receive, send)
  File "C:\Users\10138\miniconda3\envs\med-rag-verify\Lib\site-packages\fastapi\routing.py", line 1265, in handle
    await app(scope, receive, send)
  File "C:\Users\10138\miniconda3\envs\med-rag-verify\Lib\site-packages\fastapi\routing.py", line 151, in app
    await wrap_app_handling_exceptions(app, request)(scope, receive, send)
  File "C:\Users\10138\miniconda3\envs\med-rag-verify\Lib\site-packages\starlette\_exception_handler.py", line 53, in wrapped_app
    raise exc
  File "C:\Users\10138\miniconda3\envs\med-rag-verify\Lib\site-packages\starlette\_exception_handler.py", line 42, in wrapped_app
    await app(scope, receive, sender)
  File "C:\Users\10138\miniconda3\envs\med-rag-verify\Lib\site-packages\fastapi\routing.py", line 137, in app
    response = await f(request)
               ^^^^^^^^^^^^^^^^
  File "C:\Users\10138\miniconda3\envs\med-rag-verify\Lib\site-packages\fastapi\routing.py", line 691, in app
    raw_response = await run_endpoint_function(
                   ^^^^^^^^^^^^^^^^^^^^^^^^^^^^
  File "C:\Users\10138\miniconda3\envs\med-rag-verify\Lib\site-packages\fastapi\routing.py", line 347, in run_endpoint_function
    return await run_in_threadpool(dependant.call, **values)
           ^^^^^^^^^^^^^^^^^^^^^^^^^^^^^^^^^^^^^^^^^^^^^^^^^
  File "C:\Users\10138\miniconda3\envs\med-rag-verify\Lib\site-packages\starlette\concurrency.py", line 34, in run_in_threadpool
    return await anyio.to_thread.run_sync(func)
           ^^^^^^^^^^^^^^^^^^^^^^^^^^^^^^^^^^^^
  File "C:\Users\10138\miniconda3\envs\med-rag-verify\Lib\site-packages\anyio\to_thread.py", line 63, in run_sync
    return await get_async_backend().run_sync_in_worker_thread(
           ^^^^^^^^^^^^^^^^^^^^^^^^^^^^^^^^^^^^^^^^^^^^^^^^^^^^
  File "C:\Users\10138\miniconda3\envs\med-rag-verify\Lib\site-packages\anyio\_backends\_asyncio.py", line 2518, in run_sync_in_worker_thread
    return await future
           ^^^^^^^^^^^^
  File "C:\Users\10138\miniconda3\envs\med-rag-verify\Lib\site-packages\anyio\_backends\_asyncio.py", line 1002, in run
    result = context.run(func, *args)
             ^^^^^^^^^^^^^^^^^^^^^^^^
  File "D:\谷歌\11 服务化与接口开发第一部分\app\api\qa.py", line 107, in qa
    qa_logger.log(
  File "D:\谷歌\11 服务化与接口开发第一部分\app\services\qa_logger.py", line 64, in log
    self.path.parent.mkdir(parents=True, exist_ok=True)
  File "C:\Users\10138\miniconda3\envs\med-rag-verify\Lib\pathlib.py", line 1125, in mkdir
    if not exist_ok or not self.is_dir():
                           ^^^^^^^^^^^^^
  File "C:\Users\10138\miniconda3\envs\med-rag-verify\Lib\pathlib.py", line 1250, in is_dir
    return S_ISDIR(self.stat().st_mode)
                   ^^^^^^^^^^^
  File "C:\Users\10138\miniconda3\envs\med-rag-verify\Lib\pathlib.py", line 1013, in stat
    return os.stat(self, follow_symlinks=follow_symlinks)
           ^^^^^^^^^^^^^^^^^^^^^^^^^^^^^^^^^^^^^^^^^^^^^^
OSError: [WinError 6714] 与线程关联的当前事务上下文对于事务对象不是有效的句柄。: 'D:\\谷歌\\11 服务化与接口开发第一部分\\outputs\\reports'
2026-07-25 07:20:59 | ERROR | med_rag_api.app.core.exceptions | unhandled_error path=/api/v1/qa
Traceback (most recent call last):
  File "D:\谷歌\11 服务化与接口开发第一部分\app\services\rag_service.py", line 115, in answer
    raw = pipeline.run(effective_query)
          ^^^^^^^^^^^^^^^^^^^^^^^^^^^^^
  File "D:\谷歌\10 强约束规则开发与幻觉抑制\src\constrained_pipeline.py", line 271, in run
    retrieval_result = self.retrieval_pipeline.run(query)
                       ^^^^^^^^^^^^^^^^^^^^^^^^^^^^^^^^^^
  File "D:\谷歌\06 检索系统开发第二部分\src\pipeline.py", line 134, in run
    retrieval = self.retriever.retrieve(
                ^^^^^^^^^^^^^^^^^^^^^^^^
  File "D:\谷歌\06 检索系统开发第二部分\src\multipath_retriever.py", line 122, in retrieve
    vector_hits = self.retrieve_vector(query_info, top_k=top_k_vector)
                  ^^^^^^^^^^^^^^^^^^^^^^^^^^^^^^^^^^^^^^^^^^^^^^^^^^^^
  File "D:\谷歌\06 检索系统开发第二部分\src\multipath_retriever.py", line 105, in retrieve_vector
    res = self.builder.query(query_info.vector_query, n_results=top_k, where_filter=where)
          ^^^^^^^^^^^^^^^^^^^^^^^^^^^^^^^^^^^^^^^^^^^^^^^^^^^^^^^^^^^^^^^^^^^^^^^^^^^^^^^^
  File "D:\谷歌\04 向量化与索引构建\src\index_builder.py", line 286, in query
    query_emb = self.embedder.encode_queries([query_text])
                ^^^^^^^^^^^^^^^^^^^^^^^^^^^^^^^^^^^^^^^^^^
  File "D:\谷歌\04 向量化与索引构建\src\embedder.py", line 135, in encode_queries
    return self._encode_texts(prefixed, show_progress=show_progress)
           ^^^^^^^^^^^^^^^^^^^^^^^^^^^^^^^^^^^^^^^^^^^^^^^^^^^^^^^^^
  File "D:\谷歌\04 向量化与索引构建\src\embedder.py", line 96, in _encode_texts
    self._ensure_loaded()
  File "D:\谷歌\04 向量化与索引构建\src\embedder.py", line 63, in _ensure_loaded
    from transformers import AutoModel, AutoTokenizer
  File "<frozen importlib._bootstrap>", line 1229, in _handle_fromlist
  File "C:\Users\10138\miniconda3\envs\med-rag-verify\Lib\site-packages\transformers\utils\import_utils.py", line 2317, in __getattr__
    module = self._get_module(self._class_to_module[name])
             ^^^^^^^^^^^^^^^^^^^^^^^^^^^^^^^^^^^^^^^^^^^^^
  File "C:\Users\10138\miniconda3\envs\med-rag-verify\Lib\site-packages\transformers\utils\import_utils.py", line 2347, in _get_module
    raise e
  File "C:\Users\10138\miniconda3\envs\med-rag-verify\Lib\site-packages\transformers\utils\import_utils.py", line 2345, in _get_module
    return importlib.import_module("." + module_name, self.__name__)
           ^^^^^^^^^^^^^^^^^^^^^^^^^^^^^^^^^^^^^^^^^^^^^^^^^^^^^^^^^
  File "C:\Users\10138\miniconda3\envs\med-rag-verify\Lib\importlib\__init__.py", line 126, in import_module
    return _bootstrap._gcd_import(name[level:], package, level)
           ^^^^^^^^^^^^^^^^^^^^^^^^^^^^^^^^^^^^^^^^^^^^^^^^^^^^
  File "C:\Users\10138\miniconda3\envs\med-rag-verify\Lib\site-packages\transformers\models\auto\modeling_auto.py", line 23, in <module>
    from .auto_factory import (
  File "C:\Users\10138\miniconda3\envs\med-rag-verify\Lib\site-packages\transformers\models\auto\auto_factory.py", line 43, in <module>
    from ...generation import GenerationMixin
  File "<frozen importlib._bootstrap>", line 1229, in _handle_fromlist
  File "C:\Users\10138\miniconda3\envs\med-rag-verify\Lib\site-packages\transformers\utils\import_utils.py", line 2317, in __getattr__
    module = self._get_module(self._class_to_module[name])
             ^^^^^^^^^^^^^^^^^^^^^^^^^^^^^^^^^^^^^^^^^^^^^
  File "C:\Users\10138\miniconda3\envs\med-rag-verify\Lib\site-packages\transformers\utils\import_utils.py", line 2347, in _get_module
    raise e
  File "C:\Users\10138\miniconda3\envs\med-rag-verify\Lib\site-packages\transformers\utils\import_utils.py", line 2345, in _get_module
    return importlib.import_module("." + module_name, self.__name__)
           ^^^^^^^^^^^^^^^^^^^^^^^^^^^^^^^^^^^^^^^^^^^^^^^^^^^^^^^^^
  File "C:\Users\10138\miniconda3\envs\med-rag-verify\Lib\importlib\__init__.py", line 126, in import_module
    return _bootstrap._gcd_import(name[level:], package, level)
           ^^^^^^^^^^^^^^^^^^^^^^^^^^^^^^^^^^^^^^^^^^^^^^^^^^^^
  File "C:\Users\10138\miniconda3\envs\med-rag-verify\Lib\site-packages\transformers\generation\utils.py", line 55, in <module>
    from .candidate_generator import (
  File "C:\Users\10138\miniconda3\envs\med-rag-verify\Lib\site-packages\transformers\generation\candidate_generator.py", line 29, in <module>
    from sklearn.metrics import roc_curve
  File "C:\Users\10138\miniconda3\envs\med-rag-verify\Lib\site-packages\sklearn\__init__.py", line 70, in <module>
    from sklearn.base import clone  # noqa: E402
    ^^^^^^^^^^^^^^^^^^^^^^^^^^^^^^
  File "C:\Users\10138\miniconda3\envs\med-rag-verify\Lib\site-packages\sklearn\base.py", line 19, in <module>
    from sklearn.utils._metadata_requests import _MetadataRequester, _routing_enabled
  File "C:\Users\10138\miniconda3\envs\med-rag-verify\Lib\site-packages\sklearn\utils\__init__.py", line 9, in <module>
    from sklearn.utils._chunking import gen_batches, gen_even_slices
  File "C:\Users\10138\miniconda3\envs\med-rag-verify\Lib\site-packages\sklearn\utils\_chunking.py", line 11, in <module>
    from sklearn.utils._param_validation import Interval, validate_params
  File "C:\Users\10138\miniconda3\envs\med-rag-verify\Lib\site-packages\sklearn\utils\_param_validation.py", line 17, in <module>
    from sklearn.utils.validation import _is_arraylike_not_scalar
  File "C:\Users\10138\miniconda3\envs\med-rag-verify\Lib\site-packages\sklearn\utils\validation.py", line 24, in <module>
    from sklearn.utils._array_api import (
  File "C:\Users\10138\miniconda3\envs\med-rag-verify\Lib\site-packages\sklearn\utils\_array_api.py", line 20, in <module>
    from sklearn.utils.fixes import parse_version
  File "C:\Users\10138\miniconda3\envs\med-rag-verify\Lib\site-packages\sklearn\utils\fixes.py", line 19, in <module>
    import pandas as pd
  File "C:\Users\10138\miniconda3\envs\med-rag-verify\Lib\site-packages\pandas\__init__.py", line 34, in <module>
    from pandas.compat import (
  File "C:\Users\10138\miniconda3\envs\med-rag-verify\Lib\site-packages\pandas\compat\__init__.py", line 28, in <module>
    from pandas.compat.pyarrow import (
  File "C:\Users\10138\miniconda3\envs\med-rag-verify\Lib\site-packages\pandas\compat\pyarrow.py", line 12, in <module>
    import pyarrow as pa
  File "C:\Users\10138\miniconda3\envs\med-rag-verify\Lib\site-packages\pyarrow\__init__.py", line 71, in <module>
    from pyarrow.lib import (BuildInfo, CppBuildInfo, RuntimeInfo, set_timezone_db_path,
  File "pyarrow/compat.pxi", line 37, in init pyarrow.lib
  File "<frozen importlib._bootstrap>", line 1176, in _find_and_load
  File "<frozen importlib._bootstrap>", line 1138, in _find_and_load_unlocked
  File "<frozen importlib._bootstrap>", line 1078, in _find_spec
  File "<frozen importlib._bootstrap_external>", line 1507, in find_spec
  File "<frozen importlib._bootstrap_external>", line 1479, in _get_spec
  File "<frozen importlib._bootstrap_external>", line 1619, in find_spec
  File "<frozen importlib._bootstrap_external>", line 1662, in _fill_cache
OSError: [WinError 6714] 与线程关联的当前事务上下文对于事务对象不是有效的句柄。: 'D:\\谷歌\\10 强约束规则开发与幻觉抑制\\src'

The above exception was the direct cause of the following exception:

Traceback (most recent call last):
  File "D:\谷歌\11 服务化与接口开发第一部分\app\api\qa.py", line 66, in qa
    result = rag.answer(
             ^^^^^^^^^^^
  File "D:\谷歌\11 服务化与接口开发第一部分\app\services\rag_service.py", line 128, in answer
    raise AppException(
app.core.exceptions.AppException: pipeline failed

During handling of the above exception, another exception occurred:

Traceback (most recent call last):
  File "C:\Users\10138\miniconda3\envs\med-rag-verify\Lib\pathlib.py", line 1116, in mkdir
    os.mkdir(self, mode)
OSError: [WinError 6714] 与线程关联的当前事务上下文对于事务对象不是有效的句柄。: 'D:\\谷歌\\11 服务化与接口开发第一部分\\outputs\\reports'

The above exception was the direct cause of the following exception:

Traceback (most recent call last):
  File "C:\Users\10138\miniconda3\envs\med-rag-verify\Lib\site-packages\starlette\middleware\errors.py", line 164, in __call__
    await self.app(scope, receive, _send)
  File "C:\Users\10138\miniconda3\envs\med-rag-verify\Lib\site-packages\starlette\middleware\base.py", line 193, in __call__
    response = await self.dispatch_func(request, call_next)
               ^^^^^^^^^^^^^^^^^^^^^^^^^^^^^^^^^^^^^^^^^^^^
  File "D:\谷歌\11 服务化与接口开发第一部分\app\core\middleware.py", line 29, in dispatch
    response = await call_next(request)
               ^^^^^^^^^^^^^^^^^^^^^^^^
  File "C:\Users\10138\miniconda3\envs\med-rag-verify\Lib\site-packages\starlette\middleware\base.py", line 168, in call_next
    raise app_exc from app_exc.__cause__ or app_exc.__context__
  File "C:\Users\10138\miniconda3\envs\med-rag-verify\Lib\site-packages\starlette\middleware\base.py", line 144, in coro
    await self.app(scope, receive_or_disconnect, send_no_error)
  File "C:\Users\10138\miniconda3\envs\med-rag-verify\Lib\site-packages\starlette\middleware\exceptions.py", line 63, in __call__
    await wrap_app_handling_exceptions(self.app, conn)(scope, receive, send)
  File "C:\Users\10138\miniconda3\envs\med-rag-verify\Lib\site-packages\starlette\_exception_handler.py", line 53, in wrapped_app
    raise exc
  File "C:\Users\10138\miniconda3\envs\med-rag-verify\Lib\site-packages\starlette\_exception_handler.py", line 42, in wrapped_app
    await app(scope, receive, sender)
  File "C:\Users\10138\miniconda3\envs\med-rag-verify\Lib\site-packages\fastapi\middleware\asyncexitstack.py", line 18, in __call__
    await self.app(scope, receive, send)
  File "C:\Users\10138\miniconda3\envs\med-rag-verify\Lib\site-packages\starlette\routing.py", line 660, in __call__
    await self.middleware_stack(scope, receive, send)
  File "C:\Users\10138\miniconda3\envs\med-rag-verify\Lib\site-packages\fastapi\routing.py", line 2685, in app
    await route.handle(scope, receive, send)
  File "C:\Users\10138\miniconda3\envs\med-rag-verify\Lib\site-packages\fastapi\routing.py", line 1766, in handle
    await self.original_router.handle(scope, receive, send)
  File "C:\Users\10138\miniconda3\envs\med-rag-verify\Lib\site-packages\fastapi\routing.py", line 2740, in handle
    await included_router._handle_selected(scope, receive, send)
  File "C:\Users\10138\miniconda3\envs\med-rag-verify\Lib\site-packages\fastapi\routing.py", line 1786, in _handle_selected
    await original_route.handle(scope, receive, send)
  File "C:\Users\10138\miniconda3\envs\med-rag-verify\Lib\site-packages\fastapi\routing.py", line 1265, in handle
    await app(scope, receive, send)
  File "C:\Users\10138\miniconda3\envs\med-rag-verify\Lib\site-packages\fastapi\routing.py", line 151, in app
    await wrap_app_handling_exceptions(app, request)(scope, receive, send)
  File "C:\Users\10138\miniconda3\envs\med-rag-verify\Lib\site-packages\starlette\_exception_handler.py", line 53, in wrapped_app
    raise exc
  File "C:\Users\10138\miniconda3\envs\med-rag-verify\Lib\site-packages\starlette\_exception_handler.py", line 42, in wrapped_app
    await app(scope, receive, sender)
  File "C:\Users\10138\miniconda3\envs\med-rag-verify\Lib\site-packages\fastapi\routing.py", line 137, in app
    response = await f(request)
               ^^^^^^^^^^^^^^^^
  File "C:\Users\10138\miniconda3\envs\med-rag-verify\Lib\site-packages\fastapi\routing.py", line 691, in app
    raw_response = await run_endpoint_function(
                   ^^^^^^^^^^^^^^^^^^^^^^^^^^^^
  File "C:\Users\10138\miniconda3\envs\med-rag-verify\Lib\site-packages\fastapi\routing.py", line 347, in run_endpoint_function
    return await run_in_threadpool(dependant.call, **values)
           ^^^^^^^^^^^^^^^^^^^^^^^^^^^^^^^^^^^^^^^^^^^^^^^^^
  File "C:\Users\10138\miniconda3\envs\med-rag-verify\Lib\site-packages\starlette\concurrency.py", line 34, in run_in_threadpool
    return await anyio.to_thread.run_sync(func)
           ^^^^^^^^^^^^^^^^^^^^^^^^^^^^^^^^^^^^
  File "C:\Users\10138\miniconda3\envs\med-rag-verify\Lib\site-packages\anyio\to_thread.py", line 63, in run_sync
    return await get_async_backend().run_sync_in_worker_thread(
           ^^^^^^^^^^^^^^^^^^^^^^^^^^^^^^^^^^^^^^^^^^^^^^^^^^^^
  File "C:\Users\10138\miniconda3\envs\med-rag-verify\Lib\site-packages\anyio\_backends\_asyncio.py", line 2518, in run_sync_in_worker_thread
    return await future
           ^^^^^^^^^^^^
  File "C:\Users\10138\miniconda3\envs\med-rag-verify\Lib\site-packages\anyio\_backends\_asyncio.py", line 1002, in run
    result = context.run(func, *args)
             ^^^^^^^^^^^^^^^^^^^^^^^^
  File "D:\谷歌\11 服务化与接口开发第一部分\app\api\qa.py", line 107, in qa
    qa_logger.log(
  File "D:\谷歌\11 服务化与接口开发第一部分\app\services\qa_logger.py", line 64, in log
    self.path.parent.mkdir(parents=True, exist_ok=True)
  File "C:\Users\10138\miniconda3\envs\med-rag-verify\Lib\pathlib.py", line 1125, in mkdir
    if not exist_ok or not self.is_dir():
                           ^^^^^^^^^^^^^
  File "C:\Users\10138\miniconda3\envs\med-rag-verify\Lib\pathlib.py", line 1250, in is_dir
    return S_ISDIR(self.stat().st_mode)
                   ^^^^^^^^^^^
  File "C:\Users\10138\miniconda3\envs\med-rag-verify\Lib\pathlib.py", line 1013, in stat
    return os.stat(self, follow_symlinks=follow_symlinks)
           ^^^^^^^^^^^^^^^^^^^^^^^^^^^^^^^^^^^^^^^^^^^^^^
OSError: [WinError 6714] 与线程关联的当前事务上下文对于事务对象不是有效的句柄。: 'D:\\谷歌\\11 服务化与接口开发第一部分\\outputs\\reports'
2026-07-25 07:21:45 | INFO | med_rag_api.rag_service | pipeline_loaded backend=constrained10 mode=full
2026-07-25 07:21:45 | INFO | med_rag_api.full_smoke | full_pipeline_warmup_sec=1.7
2026-07-25 07:27:23 | INFO | med_rag_api.qa_logger | qa_call status=ok code=0 request_id=e42ea0f8-f160-4e7c-a234-4a3f8fb80f69 latency_ms=338502.0
2026-07-25 07:32:50 | INFO | med_rag_api.qa_logger | qa_call status=ok code=0 request_id=a3285c51-2440-4325-81a8-92552f4a7fb2 latency_ms=326234.0
2026-07-25 07:32:50 | INFO | med_rag_api.main | app_created version=0.0.1 retrieval_mode=sample backend=constrained10
2026-07-25 07:32:50 | INFO | med_rag_api.middleware | request method=GET path=/ready status=200 request_id=4c2a0cee-08e9-4a43-97ca-ce8d8aa95cf1 elapsed_ms=3.1
2026-07-25 07:34:54 | INFO | med_rag_api.qa_logger | qa_call status=ok code=0 request_id=da107eaa-c338-4632-81af-d04bc0a8ff2e latency_ms=124150.2
2026-07-25 07:34:54 | INFO | med_rag_api.middleware | request method=POST path=/api/v1/qa status=200 request_id=da107eaa-c338-4632-81af-d04bc0a8ff2e elapsed_ms=124157.1
2026-07-25 07:35:38 | INFO | med_rag_api.main | app_created version=0.0.1 retrieval_mode=sample backend=constrained10
2026-07-25 07:35:38 | INFO | med_rag_api.app.core.exceptions | validation_error path=/api/v1/echo errors=[{'type': 'string_too_short', 'loc': ('body', 'message'), 'msg': 'String should have at least 1 character', 'input': '', 'ctx': {'min_length': 1}}]
2026-07-25 07:35:38 | INFO | med_rag_api.middleware | request method=POST path=/api/v1/echo status=400 request_id=430640ca-8603-435b-a540-a9e031e937ed elapsed_ms=2.8
2026-07-25 07:35:38 | INFO | med_rag_api.main | app_created version=0.0.1 retrieval_mode=sample backend=constrained10
2026-07-25 07:35:38 | INFO | med_rag_api.app.core.exceptions | validation_error path=/api/v1/echo errors=[{'type': 'missing', 'loc': ('body', 'message'), 'msg': 'Field required', 'input': {}}]
2026-07-25 07:35:38 | INFO | med_rag_api.middleware | request method=POST path=/api/v1/echo status=400 request_id=dc2641d8-b05a-4f11-aa13-fede784a6737 elapsed_ms=2.9
2026-07-25 07:35:38 | INFO | med_rag_api.main | app_created version=0.0.1 retrieval_mode=sample backend=constrained10
2026-07-25 07:35:38 | INFO | med_rag_api.middleware | request method=POST path=/api/v1/echo status=200 request_id=398dc45e-40b1-4651-9c5c-6125efd49e4a elapsed_ms=2.7
2026-07-25 07:35:38 | INFO | med_rag_api.main | app_created version=0.0.1 retrieval_mode=sample backend=constrained10
2026-07-25 07:35:38 | WARNING | med_rag_api.app.core.exceptions | app_exception code=1001 status=400 path=/api/v1/_demo_error detail=demo param
2026-07-25 07:35:38 | INFO | med_rag_api.middleware | request method=GET path=/api/v1/_demo_error status=400 request_id=0224e5cb-d565-4aed-af1d-4f3dcf275f0b elapsed_ms=2.6
2026-07-25 07:35:38 | INFO | med_rag_api.main | app_created version=0.0.1 retrieval_mode=sample backend=constrained10
2026-07-25 07:35:38 | WARNING | med_rag_api.app.core.exceptions | app_exception code=4001 status=502 path=/api/v1/_demo_error detail=demo model
2026-07-25 07:35:38 | INFO | med_rag_api.middleware | request method=GET path=/api/v1/_demo_error status=502 request_id=08993e81-40b8-4f07-b802-740c7521549a elapsed_ms=3.8
2026-07-25 07:35:38 | INFO | med_rag_api.main | app_created version=0.0.1 retrieval_mode=sample backend=constrained10
2026-07-25 07:35:38 | ERROR | med_rag_api.middleware | request_failed method=GET path=/api/v1/_demo_error request_id=abe42ade-0742-4fca-b79e-f20dad1727bb elapsed_ms=2.5
Traceback (most recent call last):
  File "D:\谷歌\11 服务化与接口开发第一部分\app\core\middleware.py", line 29, in dispatch
    response = await call_next(request)
               ^^^^^^^^^^^^^^^^^^^^^^^^
  File "C:\Users\10138\miniconda3\envs\med-rag-verify\Lib\site-packages\starlette\middleware\base.py", line 168, in call_next
    raise app_exc from app_exc.__cause__ or app_exc.__context__
  File "C:\Users\10138\miniconda3\envs\med-rag-verify\Lib\site-packages\starlette\middleware\base.py", line 144, in coro
    await self.app(scope, receive_or_disconnect, send_no_error)
  File "C:\Users\10138\miniconda3\envs\med-rag-verify\Lib\site-packages\starlette\middleware\exceptions.py", line 63, in __call__
    await wrap_app_handling_exceptions(self.app, conn)(scope, receive, send)
  File "C:\Users\10138\miniconda3\envs\med-rag-verify\Lib\site-packages\starlette\_exception_handler.py", line 53, in wrapped_app
    raise exc
  File "C:\Users\10138\miniconda3\envs\med-rag-verify\Lib\site-packages\starlette\_exception_handler.py", line 42, in wrapped_app
    await app(scope, receive, sender)
  File "C:\Users\10138\miniconda3\envs\med-rag-verify\Lib\site-packages\fastapi\middleware\asyncexitstack.py", line 18, in __call__
    await self.app(scope, receive, send)
  File "C:\Users\10138\miniconda3\envs\med-rag-verify\Lib\site-packages\starlette\routing.py", line 660, in __call__
    await self.middleware_stack(scope, receive, send)
  File "C:\Users\10138\miniconda3\envs\med-rag-verify\Lib\site-packages\fastapi\routing.py", line 2685, in app
    await route.handle(scope, receive, send)
  File "C:\Users\10138\miniconda3\envs\med-rag-verify\Lib\site-packages\fastapi\routing.py", line 1766, in handle
    await self.original_router.handle(scope, receive, send)
  File "C:\Users\10138\miniconda3\envs\med-rag-verify\Lib\site-packages\fastapi\routing.py", line 2740, in handle
    await included_router._handle_selected(scope, receive, send)
  File "C:\Users\10138\miniconda3\envs\med-rag-verify\Lib\site-packages\fastapi\routing.py", line 1786, in _handle_selected
    await original_route.handle(scope, receive, send)
  File "C:\Users\10138\miniconda3\envs\med-rag-verify\Lib\site-packages\fastapi\routing.py", line 1265, in handle
    await app(scope, receive, send)
  File "C:\Users\10138\miniconda3\envs\med-rag-verify\Lib\site-packages\fastapi\routing.py", line 151, in app
    await wrap_app_handling_exceptions(app, request)(scope, receive, send)
  File "C:\Users\10138\miniconda3\envs\med-rag-verify\Lib\site-packages\starlette\_exception_handler.py", line 53, in wrapped_app
    raise exc
  File "C:\Users\10138\miniconda3\envs\med-rag-verify\Lib\site-packages\starlette\_exception_handler.py", line 42, in wrapped_app
    await app(scope, receive, sender)
  File "C:\Users\10138\miniconda3\envs\med-rag-verify\Lib\site-packages\fastapi\routing.py", line 137, in app
    response = await f(request)
               ^^^^^^^^^^^^^^^^
  File "C:\Users\10138\miniconda3\envs\med-rag-verify\Lib\site-packages\fastapi\routing.py", line 691, in app
    raw_response = await run_endpoint_function(
                   ^^^^^^^^^^^^^^^^^^^^^^^^^^^^
  File "C:\Users\10138\miniconda3\envs\med-rag-verify\Lib\site-packages\fastapi\routing.py", line 347, in run_endpoint_function
    return await run_in_threadpool(dependant.call, **values)
           ^^^^^^^^^^^^^^^^^^^^^^^^^^^^^^^^^^^^^^^^^^^^^^^^^
  File "C:\Users\10138\miniconda3\envs\med-rag-verify\Lib\site-packages\starlette\concurrency.py", line 34, in run_in_threadpool
    return await anyio.to_thread.run_sync(func)
           ^^^^^^^^^^^^^^^^^^^^^^^^^^^^^^^^^^^^
  File "C:\Users\10138\miniconda3\envs\med-rag-verify\Lib\site-packages\anyio\to_thread.py", line 63, in run_sync
    return await get_async_backend().run_sync_in_worker_thread(
           ^^^^^^^^^^^^^^^^^^^^^^^^^^^^^^^^^^^^^^^^^^^^^^^^^^^^
  File "C:\Users\10138\miniconda3\envs\med-rag-verify\Lib\site-packages\anyio\_backends\_asyncio.py", line 2518, in run_sync_in_worker_thread
    return await future
           ^^^^^^^^^^^^
  File "C:\Users\10138\miniconda3\envs\med-rag-verify\Lib\site-packages\anyio\_backends\_asyncio.py", line 1002, in run
    result = context.run(func, *args)
             ^^^^^^^^^^^^^^^^^^^^^^^^
  File "D:\谷歌\11 服务化与接口开发第一部分\app\api\health.py", line 97, in demo_error
    raise RuntimeError("demo boom")
RuntimeError: demo boom
2026-07-25 07:35:38 | ERROR | med_rag_api.app.core.exceptions | unhandled_error path=/api/v1/_demo_error
Traceback (most recent call last):
  File "C:\Users\10138\miniconda3\envs\med-rag-verify\Lib\site-packages\starlette\middleware\errors.py", line 164, in __call__
    await self.app(scope, receive, _send)
  File "C:\Users\10138\miniconda3\envs\med-rag-verify\Lib\site-packages\starlette\middleware\base.py", line 193, in __call__
    response = await self.dispatch_func(request, call_next)
               ^^^^^^^^^^^^^^^^^^^^^^^^^^^^^^^^^^^^^^^^^^^^
  File "D:\谷歌\11 服务化与接口开发第一部分\app\core\middleware.py", line 29, in dispatch
    response = await call_next(request)
               ^^^^^^^^^^^^^^^^^^^^^^^^
  File "C:\Users\10138\miniconda3\envs\med-rag-verify\Lib\site-packages\starlette\middleware\base.py", line 168, in call_next
    raise app_exc from app_exc.__cause__ or app_exc.__context__
  File "C:\Users\10138\miniconda3\envs\med-rag-verify\Lib\site-packages\starlette\middleware\base.py", line 144, in coro
    await self.app(scope, receive_or_disconnect, send_no_error)
  File "C:\Users\10138\miniconda3\envs\med-rag-verify\Lib\site-packages\starlette\middleware\exceptions.py", line 63, in __call__
    await wrap_app_handling_exceptions(self.app, conn)(scope, receive, send)
  File "C:\Users\10138\miniconda3\envs\med-rag-verify\Lib\site-packages\starlette\_exception_handler.py", line 53, in wrapped_app
    raise exc
  File "C:\Users\10138\miniconda3\envs\med-rag-verify\Lib\site-packages\starlette\_exception_handler.py", line 42, in wrapped_app
    await app(scope, receive, sender)
  File "C:\Users\10138\miniconda3\envs\med-rag-verify\Lib\site-packages\fastapi\middleware\asyncexitstack.py", line 18, in __call__
    await self.app(scope, receive, send)
  File "C:\Users\10138\miniconda3\envs\med-rag-verify\Lib\site-packages\starlette\routing.py", line 660, in __call__
    await self.middleware_stack(scope, receive, send)
  File "C:\Users\10138\miniconda3\envs\med-rag-verify\Lib\site-packages\fastapi\routing.py", line 2685, in app
    await route.handle(scope, receive, send)
  File "C:\Users\10138\miniconda3\envs\med-rag-verify\Lib\site-packages\fastapi\routing.py", line 1766, in handle
    await self.original_router.handle(scope, receive, send)
  File "C:\Users\10138\miniconda3\envs\med-rag-verify\Lib\site-packages\fastapi\routing.py", line 2740, in handle
    await included_router._handle_selected(scope, receive, send)
  File "C:\Users\10138\miniconda3\envs\med-rag-verify\Lib\site-packages\fastapi\routing.py", line 1786, in _handle_selected
    await original_route.handle(scope, receive, send)
  File "C:\Users\10138\miniconda3\envs\med-rag-verify\Lib\site-packages\fastapi\routing.py", line 1265, in handle
    await app(scope, receive, send)
  File "C:\Users\10138\miniconda3\envs\med-rag-verify\Lib\site-packages\fastapi\routing.py", line 151, in app
    await wrap_app_handling_exceptions(app, request)(scope, receive, send)
  File "C:\Users\10138\miniconda3\envs\med-rag-verify\Lib\site-packages\starlette\_exception_handler.py", line 53, in wrapped_app
    raise exc
  File "C:\Users\10138\miniconda3\envs\med-rag-verify\Lib\site-packages\starlette\_exception_handler.py", line 42, in wrapped_app
    await app(scope, receive, sender)
  File "C:\Users\10138\miniconda3\envs\med-rag-verify\Lib\site-packages\fastapi\routing.py", line 137, in app
    response = await f(request)
               ^^^^^^^^^^^^^^^^
  File "C:\Users\10138\miniconda3\envs\med-rag-verify\Lib\site-packages\fastapi\routing.py", line 691, in app
    raw_response = await run_endpoint_function(
                   ^^^^^^^^^^^^^^^^^^^^^^^^^^^^
  File "C:\Users\10138\miniconda3\envs\med-rag-verify\Lib\site-packages\fastapi\routing.py", line 347, in run_endpoint_function
    return await run_in_threadpool(dependant.call, **values)
           ^^^^^^^^^^^^^^^^^^^^^^^^^^^^^^^^^^^^^^^^^^^^^^^^^
  File "C:\Users\10138\miniconda3\envs\med-rag-verify\Lib\site-packages\starlette\concurrency.py", line 34, in run_in_threadpool
    return await anyio.to_thread.run_sync(func)
           ^^^^^^^^^^^^^^^^^^^^^^^^^^^^^^^^^^^^
  File "C:\Users\10138\miniconda3\envs\med-rag-verify\Lib\site-packages\anyio\to_thread.py", line 63, in run_sync
    return await get_async_backend().run_sync_in_worker_thread(
           ^^^^^^^^^^^^^^^^^^^^^^^^^^^^^^^^^^^^^^^^^^^^^^^^^^^^
  File "C:\Users\10138\miniconda3\envs\med-rag-verify\Lib\site-packages\anyio\_backends\_asyncio.py", line 2518, in run_sync_in_worker_thread
    return await future
           ^^^^^^^^^^^^
  File "C:\Users\10138\miniconda3\envs\med-rag-verify\Lib\site-packages\anyio\_backends\_asyncio.py", line 1002, in run
    result = context.run(func, *args)
             ^^^^^^^^^^^^^^^^^^^^^^^^
  File "D:\谷歌\11 服务化与接口开发第一部分\app\api\health.py", line 97, in demo_error
    raise RuntimeError("demo boom")
RuntimeError: demo boom
2026-07-25 07:35:38 | INFO | med_rag_api.main | app_created version=0.0.1 retrieval_mode=sample backend=constrained10
2026-07-25 07:35:38 | INFO | med_rag_api.middleware | request method=GET path=/health status=200 request_id=8ce12ce9-63fb-471c-bd1a-5200b8d5c524 elapsed_ms=3.0
2026-07-25 07:35:38 | INFO | med_rag_api.main | app_created version=0.0.1 retrieval_mode=sample backend=constrained10
2026-07-25 07:35:38 | INFO | med_rag_api.middleware | request method=GET path=/health status=200 request_id=fixed-rid-123 elapsed_ms=3.1
2026-07-25 07:35:38 | INFO | med_rag_api.main | app_created version=0.0.1 retrieval_mode=sample backend=constrained10
2026-07-25 07:35:38 | INFO | med_rag_api.middleware | request method=GET path=/ready status=200 request_id=81aeb525-07a8-4915-9cdf-c43b4607d11d elapsed_ms=2.9
2026-07-25 07:35:38 | INFO | med_rag_api.main | app_created version=0.0.1 retrieval_mode=sample backend=constrained10
2026-07-25 07:35:38 | INFO | med_rag_api.middleware | request method=GET path=/ status=200 request_id=bee9c339-67f8-42ba-ac22-b56223a6449f elapsed_ms=4.7
2026-07-25 07:35:38 | INFO | med_rag_api.main | app_created version=0.0.1 retrieval_mode=sample backend=constrained10
2026-07-25 07:35:38 | INFO | med_rag_api.qa_logger | qa_call status=ok code=0 request_id=5c809a4f-5721-456a-bb4c-82e925ed3cae latency_ms=0.1
2026-07-25 07:35:38 | INFO | med_rag_api.middleware | request method=POST path=/api/v1/qa status=200 request_id=5c809a4f-5721-456a-bb4c-82e925ed3cae elapsed_ms=6.9
2026-07-25 07:35:38 | INFO | med_rag_api.main | app_created version=0.0.1 retrieval_mode=sample backend=constrained10
2026-07-25 07:35:38 | INFO | med_rag_api.app.core.exceptions | validation_error path=/api/v1/qa errors=[{'type': 'string_too_short', 'loc': ('body', 'query'), 'msg': 'String should have at least 1 character', 'input': '', 'ctx': {'min_length': 1}}]
2026-07-25 07:35:38 | INFO | med_rag_api.middleware | request method=POST path=/api/v1/qa status=400 request_id=cccdc780-6509-4144-8abb-4a0132aafdb0 elapsed_ms=5.6
2026-07-25 07:35:39 | INFO | med_rag_api.main | app_created version=0.0.1 retrieval_mode=sample backend=constrained10
2026-07-25 07:35:39 | INFO | med_rag_api.app.core.exceptions | validation_error path=/api/v1/qa errors=[{'type': 'less_than_equal', 'loc': ('body', 'top_k'), 'msg': 'Input should be less than or equal to 20', 'input': 999, 'ctx': {'le': 20}}]
2026-07-25 07:35:39 | INFO | med_rag_api.middleware | request method=POST path=/api/v1/qa status=400 request_id=ed4fd342-686c-4b7e-b640-ebafdef1d157 elapsed_ms=5.5
2026-07-25 07:35:39 | INFO | med_rag_api.main | app_created version=0.0.1 retrieval_mode=sample backend=constrained10
2026-07-25 07:35:39 | INFO | med_rag_api.qa_logger | qa_call status=ok code=0 request_id=772c4556-f31c-47d7-a98d-c14b790ba741 latency_ms=0.1
2026-07-25 07:35:39 | INFO | med_rag_api.middleware | request method=POST path=/api/v1/qa status=200 request_id=772c4556-f31c-47d7-a98d-c14b790ba741 elapsed_ms=6.8
2026-07-25 07:35:39 | INFO | med_rag_api.qa_logger | qa_call status=ok code=0 request_id=57b59bf4-e31e-4a84-96e3-946bc77da64d latency_ms=0.0
2026-07-25 07:35:39 | INFO | med_rag_api.middleware | request method=POST path=/api/v1/qa status=200 request_id=57b59bf4-e31e-4a84-96e3-946bc77da64d elapsed_ms=2.3
2026-07-25 07:35:39 | INFO | med_rag_api.middleware | request method=GET path=/api/v1/sessions/b76dccda-62ed-41d0-8c4a-a3df8f5725c1 status=200 request_id=49763dbf-3966-47f0-9227-9e87fb430257 elapsed_ms=1.4
2026-07-25 07:35:39 | INFO | med_rag_api.main | app_created version=0.0.1 retrieval_mode=sample backend=constrained10
2026-07-25 07:35:39 | INFO | med_rag_api.middleware | request method=POST path=/api/v1/qa/stream status=200 request_id=dcefcbba-5ee9-453e-a4e0-1bad1d630b3b elapsed_ms=5.6
2026-07-25 07:35:39 | INFO | med_rag_api.qa_logger | qa_call status=ok code=0 request_id=dcefcbba-5ee9-453e-a4e0-1bad1d630b3b latency_ms=1.0
2026-07-25 07:35:39 | INFO | med_rag_api.main | app_created version=0.0.1 retrieval_mode=sample backend=constrained10
2026-07-25 07:35:39 | INFO | med_rag_api.app.core.exceptions | validation_error path=/api/v1/qa/stream errors=[{'type': 'string_too_short', 'loc': ('body', 'query'), 'msg': 'String should have at least 1 character', 'input': '', 'ctx': {'min_length': 1}}]
2026-07-25 07:35:39 | INFO | med_rag_api.middleware | request method=POST path=/api/v1/qa/stream status=400 request_id=8e592256-55fd-4b09-bf72-a6b5ba9c52eb elapsed_ms=6.3
2026-07-25 07:35:39 | INFO | med_rag_api.main | app_created version=0.0.1 retrieval_mode=sample backend=constrained10
2026-07-25 07:35:39 | INFO | med_rag_api.middleware | request method=POST path=/api/v1/qa/stream status=200 request_id=178f9fb3-07d1-4fd8-b7fe-b6f6ba1e62d2 elapsed_ms=6.0
2026-07-25 07:35:39 | INFO | med_rag_api.qa_logger | qa_call status=error code=4001 request_id=178f9fb3-07d1-4fd8-b7fe-b6f6ba1e62d2 latency_ms=0.2
2026-07-25 07:35:39 | INFO | med_rag_api.main | app_created version=0.0.1 retrieval_mode=sample backend=constrained10
2026-07-25 07:35:39 | INFO | med_rag_api.main | app_created version=0.0.1 retrieval_mode=sample backend=constrained10
2026-07-25 07:35:39 | INFO | med_rag_api.middleware | request method=GET path=/ status=200 request_id=815dc4af-0b94-4a79-b348-7fa0eace434c elapsed_ms=5.3
2026-07-25 07:37:23 | INFO | med_rag_api.rag_service | pipeline_loaded backend=constrained10 mode=full
2026-07-25 07:37:23 | INFO | med_rag_api.full_smoke | full_pipeline_warmup_sec=1.9
2026-07-25 07:40:23 | INFO | med_rag_api.qa_logger | qa_call status=ok code=0 request_id=a373358a-493f-41f8-b92c-2aa6930b6f26 latency_ms=179528.7
2026-07-25 07:43:57 | INFO | med_rag_api.qa_logger | qa_call status=ok code=0 request_id=95e14a9f-0cea-4c5a-8803-0539ad8f60a3 latency_ms=214488.6
2026-07-25 07:43:57 | INFO | med_rag_api.main | app_created version=0.0.1 retrieval_mode=sample backend=constrained10
2026-07-25 07:43:57 | INFO | med_rag_api.middleware | request method=GET path=/ready status=200 request_id=00c7c9a8-7fc3-46ef-b840-d4481d4d24ab elapsed_ms=3.5
2026-07-25 07:46:04 | INFO | med_rag_api.qa_logger | qa_call status=ok code=0 request_id=807a206d-b92f-4674-afa4-5243de42f8db latency_ms=126231.3
2026-07-25 07:46:04 | INFO | med_rag_api.middleware | request method=POST path=/api/v1/qa status=200 request_id=807a206d-b92f-4674-afa4-5243de42f8db elapsed_ms=126240.6
2026-07-25 07:48:39 | INFO | med_rag_api.main | app_created version=0.0.1 retrieval_mode=sample backend=constrained10
2026-07-25 07:48:39 | INFO | med_rag_api.app.core.exceptions | validation_error path=/api/v1/echo errors=[{'type': 'string_too_short', 'loc': ('body', 'message'), 'msg': 'String should have at least 1 character', 'input': '', 'ctx': {'min_length': 1}}]
2026-07-25 07:48:39 | INFO | med_rag_api.middleware | request method=POST path=/api/v1/echo status=400 request_id=39f3d097-eabb-4127-b0d2-c0415de2f29c elapsed_ms=3.4
2026-07-25 07:48:39 | INFO | med_rag_api.main | app_created version=0.0.1 retrieval_mode=sample backend=constrained10
2026-07-25 07:48:39 | INFO | med_rag_api.app.core.exceptions | validation_error path=/api/v1/echo errors=[{'type': 'missing', 'loc': ('body', 'message'), 'msg': 'Field required', 'input': {}}]
2026-07-25 07:48:39 | INFO | med_rag_api.middleware | request method=POST path=/api/v1/echo status=400 request_id=94e7b72b-ffb6-4b01-9ebd-d80bba00a29e elapsed_ms=2.4
2026-07-25 07:48:39 | INFO | med_rag_api.main | app_created version=0.0.1 retrieval_mode=sample backend=constrained10
2026-07-25 07:48:39 | INFO | med_rag_api.middleware | request method=POST path=/api/v1/echo status=200 request_id=deb76b96-9fd8-4b3b-ae91-425747b94238 elapsed_ms=2.8
2026-07-25 07:48:39 | INFO | med_rag_api.main | app_created version=0.0.1 retrieval_mode=sample backend=constrained10
2026-07-25 07:48:39 | WARNING | med_rag_api.app.core.exceptions | app_exception code=1001 status=400 path=/api/v1/_demo_error detail=demo param
2026-07-25 07:48:39 | INFO | med_rag_api.middleware | request method=GET path=/api/v1/_demo_error status=400 request_id=e2155595-f491-4071-b12f-3705f7fb3983 elapsed_ms=3.7
2026-07-25 07:48:39 | INFO | med_rag_api.main | app_created version=0.0.1 retrieval_mode=sample backend=constrained10
2026-07-25 07:48:39 | WARNING | med_rag_api.app.core.exceptions | app_exception code=4001 status=502 path=/api/v1/_demo_error detail=demo model
2026-07-25 07:48:39 | INFO | med_rag_api.middleware | request method=GET path=/api/v1/_demo_error status=502 request_id=784e1fbd-0be6-42b9-ac02-0d17642f6fbb elapsed_ms=3.0
2026-07-25 07:48:39 | INFO | med_rag_api.main | app_created version=0.0.1 retrieval_mode=sample backend=constrained10
2026-07-25 07:48:39 | ERROR | med_rag_api.middleware | request_failed method=GET path=/api/v1/_demo_error request_id=2781052c-706a-42e7-b664-951e46e4fe1a elapsed_ms=2.1
Traceback (most recent call last):
  File "D:\谷歌\11 服务化与接口开发第一部分\app\core\middleware.py", line 29, in dispatch
    response = await call_next(request)
               ^^^^^^^^^^^^^^^^^^^^^^^^
  File "C:\Users\10138\miniconda3\envs\med-rag-verify\Lib\site-packages\starlette\middleware\base.py", line 168, in call_next
    raise app_exc from app_exc.__cause__ or app_exc.__context__
  File "C:\Users\10138\miniconda3\envs\med-rag-verify\Lib\site-packages\starlette\middleware\base.py", line 144, in coro
    await self.app(scope, receive_or_disconnect, send_no_error)
  File "C:\Users\10138\miniconda3\envs\med-rag-verify\Lib\site-packages\starlette\middleware\exceptions.py", line 63, in __call__
    await wrap_app_handling_exceptions(self.app, conn)(scope, receive, send)
  File "C:\Users\10138\miniconda3\envs\med-rag-verify\Lib\site-packages\starlette\_exception_handler.py", line 53, in wrapped_app
    raise exc
  File "C:\Users\10138\miniconda3\envs\med-rag-verify\Lib\site-packages\starlette\_exception_handler.py", line 42, in wrapped_app
    await app(scope, receive, sender)
  File "C:\Users\10138\miniconda3\envs\med-rag-verify\Lib\site-packages\fastapi\middleware\asyncexitstack.py", line 18, in __call__
    await self.app(scope, receive, send)
  File "C:\Users\10138\miniconda3\envs\med-rag-verify\Lib\site-packages\starlette\routing.py", line 660, in __call__
    await self.middleware_stack(scope, receive, send)
  File "C:\Users\10138\miniconda3\envs\med-rag-verify\Lib\site-packages\fastapi\routing.py", line 2685, in app
    await route.handle(scope, receive, send)
  File "C:\Users\10138\miniconda3\envs\med-rag-verify\Lib\site-packages\fastapi\routing.py", line 1766, in handle
    await self.original_router.handle(scope, receive, send)
  File "C:\Users\10138\miniconda3\envs\med-rag-verify\Lib\site-packages\fastapi\routing.py", line 2740, in handle
    await included_router._handle_selected(scope, receive, send)
  File "C:\Users\10138\miniconda3\envs\med-rag-verify\Lib\site-packages\fastapi\routing.py", line 1786, in _handle_selected
    await original_route.handle(scope, receive, send)
  File "C:\Users\10138\miniconda3\envs\med-rag-verify\Lib\site-packages\fastapi\routing.py", line 1265, in handle
    await app(scope, receive, send)
  File "C:\Users\10138\miniconda3\envs\med-rag-verify\Lib\site-packages\fastapi\routing.py", line 151, in app
    await wrap_app_handling_exceptions(app, request)(scope, receive, send)
  File "C:\Users\10138\miniconda3\envs\med-rag-verify\Lib\site-packages\starlette\_exception_handler.py", line 53, in wrapped_app
    raise exc
  File "C:\Users\10138\miniconda3\envs\med-rag-verify\Lib\site-packages\starlette\_exception_handler.py", line 42, in wrapped_app
    await app(scope, receive, sender)
  File "C:\Users\10138\miniconda3\envs\med-rag-verify\Lib\site-packages\fastapi\routing.py", line 137, in app
    response = await f(request)
               ^^^^^^^^^^^^^^^^
  File "C:\Users\10138\miniconda3\envs\med-rag-verify\Lib\site-packages\fastapi\routing.py", line 691, in app
    raw_response = await run_endpoint_function(
                   ^^^^^^^^^^^^^^^^^^^^^^^^^^^^
  File "C:\Users\10138\miniconda3\envs\med-rag-verify\Lib\site-packages\fastapi\routing.py", line 347, in run_endpoint_function
    return await run_in_threadpool(dependant.call, **values)
           ^^^^^^^^^^^^^^^^^^^^^^^^^^^^^^^^^^^^^^^^^^^^^^^^^
  File "C:\Users\10138\miniconda3\envs\med-rag-verify\Lib\site-packages\starlette\concurrency.py", line 34, in run_in_threadpool
    return await anyio.to_thread.run_sync(func)
           ^^^^^^^^^^^^^^^^^^^^^^^^^^^^^^^^^^^^
  File "C:\Users\10138\miniconda3\envs\med-rag-verify\Lib\site-packages\anyio\to_thread.py", line 63, in run_sync
    return await get_async_backend().run_sync_in_worker_thread(
           ^^^^^^^^^^^^^^^^^^^^^^^^^^^^^^^^^^^^^^^^^^^^^^^^^^^^
  File "C:\Users\10138\miniconda3\envs\med-rag-verify\Lib\site-packages\anyio\_backends\_asyncio.py", line 2518, in run_sync_in_worker_thread
    return await future
           ^^^^^^^^^^^^
  File "C:\Users\10138\miniconda3\envs\med-rag-verify\Lib\site-packages\anyio\_backends\_asyncio.py", line 1002, in run
    result = context.run(func, *args)
             ^^^^^^^^^^^^^^^^^^^^^^^^
  File "D:\谷歌\11 服务化与接口开发第一部分\app\api\health.py", line 97, in demo_error
    raise RuntimeError("demo boom")
RuntimeError: demo boom
2026-07-25 07:48:39 | ERROR | med_rag_api.app.core.exceptions | unhandled_error path=/api/v1/_demo_error
Traceback (most recent call last):
  File "C:\Users\10138\miniconda3\envs\med-rag-verify\Lib\site-packages\starlette\middleware\errors.py", line 164, in __call__
    await self.app(scope, receive, _send)
  File "C:\Users\10138\miniconda3\envs\med-rag-verify\Lib\site-packages\starlette\middleware\base.py", line 193, in __call__
    response = await self.dispatch_func(request, call_next)
               ^^^^^^^^^^^^^^^^^^^^^^^^^^^^^^^^^^^^^^^^^^^^
  File "D:\谷歌\11 服务化与接口开发第一部分\app\core\middleware.py", line 29, in dispatch
    response = await call_next(request)
               ^^^^^^^^^^^^^^^^^^^^^^^^
  File "C:\Users\10138\miniconda3\envs\med-rag-verify\Lib\site-packages\starlette\middleware\base.py", line 168, in call_next
    raise app_exc from app_exc.__cause__ or app_exc.__context__
  File "C:\Users\10138\miniconda3\envs\med-rag-verify\Lib\site-packages\starlette\middleware\base.py", line 144, in coro
    await self.app(scope, receive_or_disconnect, send_no_error)
  File "C:\Users\10138\miniconda3\envs\med-rag-verify\Lib\site-packages\starlette\middleware\exceptions.py", line 63, in __call__
    await wrap_app_handling_exceptions(self.app, conn)(scope, receive, send)
  File "C:\Users\10138\miniconda3\envs\med-rag-verify\Lib\site-packages\starlette\_exception_handler.py", line 53, in wrapped_app
    raise exc
  File "C:\Users\10138\miniconda3\envs\med-rag-verify\Lib\site-packages\starlette\_exception_handler.py", line 42, in wrapped_app
    await app(scope, receive, sender)
  File "C:\Users\10138\miniconda3\envs\med-rag-verify\Lib\site-packages\fastapi\middleware\asyncexitstack.py", line 18, in __call__
    await self.app(scope, receive, send)
  File "C:\Users\10138\miniconda3\envs\med-rag-verify\Lib\site-packages\starlette\routing.py", line 660, in __call__
    await self.middleware_stack(scope, receive, send)
  File "C:\Users\10138\miniconda3\envs\med-rag-verify\Lib\site-packages\fastapi\routing.py", line 2685, in app
    await route.handle(scope, receive, send)
  File "C:\Users\10138\miniconda3\envs\med-rag-verify\Lib\site-packages\fastapi\routing.py", line 1766, in handle
    await self.original_router.handle(scope, receive, send)
  File "C:\Users\10138\miniconda3\envs\med-rag-verify\Lib\site-packages\fastapi\routing.py", line 2740, in handle
    await included_router._handle_selected(scope, receive, send)
  File "C:\Users\10138\miniconda3\envs\med-rag-verify\Lib\site-packages\fastapi\routing.py", line 1786, in _handle_selected
    await original_route.handle(scope, receive, send)
  File "C:\Users\10138\miniconda3\envs\med-rag-verify\Lib\site-packages\fastapi\routing.py", line 1265, in handle
    await app(scope, receive, send)
  File "C:\Users\10138\miniconda3\envs\med-rag-verify\Lib\site-packages\fastapi\routing.py", line 151, in app
    await wrap_app_handling_exceptions(app, request)(scope, receive, send)
  File "C:\Users\10138\miniconda3\envs\med-rag-verify\Lib\site-packages\starlette\_exception_handler.py", line 53, in wrapped_app
    raise exc
  File "C:\Users\10138\miniconda3\envs\med-rag-verify\Lib\site-packages\starlette\_exception_handler.py", line 42, in wrapped_app
    await app(scope, receive, sender)
  File "C:\Users\10138\miniconda3\envs\med-rag-verify\Lib\site-packages\fastapi\routing.py", line 137, in app
    response = await f(request)
               ^^^^^^^^^^^^^^^^
  File "C:\Users\10138\miniconda3\envs\med-rag-verify\Lib\site-packages\fastapi\routing.py", line 691, in app
    raw_response = await run_endpoint_function(
                   ^^^^^^^^^^^^^^^^^^^^^^^^^^^^
  File "C:\Users\10138\miniconda3\envs\med-rag-verify\Lib\site-packages\fastapi\routing.py", line 347, in run_endpoint_function
    return await run_in_threadpool(dependant.call, **values)
           ^^^^^^^^^^^^^^^^^^^^^^^^^^^^^^^^^^^^^^^^^^^^^^^^^
  File "C:\Users\10138\miniconda3\envs\med-rag-verify\Lib\site-packages\starlette\concurrency.py", line 34, in run_in_threadpool
    return await anyio.to_thread.run_sync(func)
           ^^^^^^^^^^^^^^^^^^^^^^^^^^^^^^^^^^^^
  File "C:\Users\10138\miniconda3\envs\med-rag-verify\Lib\site-packages\anyio\to_thread.py", line 63, in run_sync
    return await get_async_backend().run_sync_in_worker_thread(
           ^^^^^^^^^^^^^^^^^^^^^^^^^^^^^^^^^^^^^^^^^^^^^^^^^^^^
  File "C:\Users\10138\miniconda3\envs\med-rag-verify\Lib\site-packages\anyio\_backends\_asyncio.py", line 2518, in run_sync_in_worker_thread
    return await future
           ^^^^^^^^^^^^
  File "C:\Users\10138\miniconda3\envs\med-rag-verify\Lib\site-packages\anyio\_backends\_asyncio.py", line 1002, in run
    result = context.run(func, *args)
             ^^^^^^^^^^^^^^^^^^^^^^^^
  File "D:\谷歌\11 服务化与接口开发第一部分\app\api\health.py", line 97, in demo_error
    raise RuntimeError("demo boom")
RuntimeError: demo boom
2026-07-25 07:48:39 | INFO | med_rag_api.main | app_created version=0.0.1 retrieval_mode=sample backend=constrained10
2026-07-25 07:48:39 | INFO | med_rag_api.middleware | request method=GET path=/health status=200 request_id=157876a2-acea-4d5d-9104-10bae10a8dfe elapsed_ms=4.4
2026-07-25 07:48:39 | INFO | med_rag_api.main | app_created version=0.0.1 retrieval_mode=sample backend=constrained10
2026-07-25 07:48:39 | INFO | med_rag_api.middleware | request method=GET path=/health status=200 request_id=fixed-rid-123 elapsed_ms=3.2
2026-07-25 07:48:39 | INFO | med_rag_api.main | app_created version=0.0.1 retrieval_mode=sample backend=constrained10
2026-07-25 07:48:39 | INFO | med_rag_api.middleware | request method=GET path=/ready status=200 request_id=adfa3e6d-fba7-4fb9-bcb7-38c9e5e9a870 elapsed_ms=2.7
2026-07-25 07:48:39 | INFO | med_rag_api.main | app_created version=0.0.1 retrieval_mode=sample backend=constrained10
2026-07-25 07:48:39 | INFO | med_rag_api.middleware | request method=GET path=/ status=200 request_id=dfbc2ce3-b851-44f7-b6e8-2e088ef2e6d6 elapsed_ms=4.1
2026-07-25 07:48:39 | INFO | med_rag_api.main | app_created version=0.0.1 retrieval_mode=sample backend=constrained10
2026-07-25 07:48:39 | INFO | med_rag_api.qa_logger | qa_call status=ok code=0 request_id=d58b58df-c6d0-4a62-846b-727f4b588041 latency_ms=0.1
2026-07-25 07:48:39 | INFO | med_rag_api.middleware | request method=POST path=/api/v1/qa status=200 request_id=d58b58df-c6d0-4a62-846b-727f4b588041 elapsed_ms=6.7
2026-07-25 07:48:39 | INFO | med_rag_api.main | app_created version=0.0.1 retrieval_mode=sample backend=constrained10
2026-07-25 07:48:39 | INFO | med_rag_api.app.core.exceptions | validation_error path=/api/v1/qa errors=[{'type': 'string_too_short', 'loc': ('body', 'query'), 'msg': 'String should have at least 1 character', 'input': '', 'ctx': {'min_length': 1}}]
2026-07-25 07:48:39 | INFO | med_rag_api.middleware | request method=POST path=/api/v1/qa status=400 request_id=5a0f1649-f06f-4f37-af2c-191355a8056b elapsed_ms=6.6
2026-07-25 07:48:39 | INFO | med_rag_api.main | app_created version=0.0.1 retrieval_mode=sample backend=constrained10
2026-07-25 07:48:39 | INFO | med_rag_api.app.core.exceptions | validation_error path=/api/v1/qa errors=[{'type': 'less_than_equal', 'loc': ('body', 'top_k'), 'msg': 'Input should be less than or equal to 20', 'input': 999, 'ctx': {'le': 20}}]
2026-07-25 07:48:39 | INFO | med_rag_api.middleware | request method=POST path=/api/v1/qa status=400 request_id=254f71dd-70d2-44ae-874d-d6ba90ae9ca4 elapsed_ms=5.3
2026-07-25 07:48:39 | INFO | med_rag_api.main | app_created version=0.0.1 retrieval_mode=sample backend=constrained10
2026-07-25 07:48:39 | INFO | med_rag_api.qa_logger | qa_call status=ok code=0 request_id=a5bbc44e-ad14-4f2a-82d6-db63711653f6 latency_ms=0.0
2026-07-25 07:48:39 | INFO | med_rag_api.middleware | request method=POST path=/api/v1/qa status=200 request_id=a5bbc44e-ad14-4f2a-82d6-db63711653f6 elapsed_ms=6.7
2026-07-25 07:48:39 | INFO | med_rag_api.qa_logger | qa_call status=ok code=0 request_id=6d3c36e5-9866-4cbb-a6a3-b5afbb007666 latency_ms=0.0
2026-07-25 07:48:39 | INFO | med_rag_api.middleware | request method=POST path=/api/v1/qa status=200 request_id=6d3c36e5-9866-4cbb-a6a3-b5afbb007666 elapsed_ms=2.5
2026-07-25 07:48:39 | INFO | med_rag_api.middleware | request method=GET path=/api/v1/sessions/a5c92adb-7303-44de-bf85-7eca6429ea44 status=200 request_id=be7f7eb1-3339-41dc-a7fc-b54232019e8c elapsed_ms=1.4
2026-07-25 07:48:39 | INFO | med_rag_api.main | app_created version=0.0.1 retrieval_mode=sample backend=constrained10
2026-07-25 07:48:39 | INFO | med_rag_api.middleware | request method=POST path=/api/v1/qa/stream status=200 request_id=9c30c856-80df-4b83-ad43-8c5a5e606e5f elapsed_ms=5.5
2026-07-25 07:48:39 | INFO | med_rag_api.qa_logger | qa_call status=ok code=0 request_id=9c30c856-80df-4b83-ad43-8c5a5e606e5f latency_ms=1.1
2026-07-25 07:48:39 | INFO | med_rag_api.main | app_created version=0.0.1 retrieval_mode=sample backend=constrained10
2026-07-25 07:48:39 | INFO | med_rag_api.app.core.exceptions | validation_error path=/api/v1/qa/stream errors=[{'type': 'string_too_short', 'loc': ('body', 'query'), 'msg': 'String should have at least 1 character', 'input': '', 'ctx': {'min_length': 1}}]
2026-07-25 07:48:39 | INFO | med_rag_api.middleware | request method=POST path=/api/v1/qa/stream status=400 request_id=b679aba7-50e1-4a55-bf71-8ed462b57b4a elapsed_ms=5.5
2026-07-25 07:48:39 | INFO | med_rag_api.main | app_created version=0.0.1 retrieval_mode=sample backend=constrained10
2026-07-25 07:48:39 | INFO | med_rag_api.middleware | request method=POST path=/api/v1/qa/stream status=200 request_id=1eba9a34-3db5-4d2f-b55b-0c8a6af76c4c elapsed_ms=5.7
2026-07-25 07:48:39 | INFO | med_rag_api.qa_logger | qa_call status=error code=4001 request_id=1eba9a34-3db5-4d2f-b55b-0c8a6af76c4c latency_ms=0.2
2026-07-25 07:48:39 | INFO | med_rag_api.main | app_created version=0.0.1 retrieval_mode=sample backend=constrained10
2026-07-25 07:48:39 | INFO | med_rag_api.main | app_created version=0.0.1 retrieval_mode=sample backend=constrained10
2026-07-25 07:48:40 | INFO | med_rag_api.middleware | request method=GET path=/ status=200 request_id=8f74da76-d430-4289-a8b0-f995905c4775 elapsed_ms=4.6
2026-07-25 07:49:53 | INFO | med_rag_api.main | app_created version=0.0.1 retrieval_mode=sample backend=constrained10
2026-07-25 07:49:53 | INFO | med_rag_api.app.core.exceptions | validation_error path=/api/v1/echo errors=[{'type': 'string_too_short', 'loc': ('body', 'message'), 'msg': 'String should have at least 1 character', 'input': '', 'ctx': {'min_length': 1}}]
2026-07-25 07:49:53 | INFO | med_rag_api.middleware | request method=POST path=/api/v1/echo status=400 request_id=ff1aef72-1e2a-4a4c-8bd6-b251505e371f elapsed_ms=2.9
2026-07-25 07:49:53 | INFO | med_rag_api.main | app_created version=0.0.1 retrieval_mode=sample backend=constrained10
2026-07-25 07:49:53 | INFO | med_rag_api.app.core.exceptions | validation_error path=/api/v1/echo errors=[{'type': 'missing', 'loc': ('body', 'message'), 'msg': 'Field required', 'input': {}}]
2026-07-25 07:49:53 | INFO | med_rag_api.middleware | request method=POST path=/api/v1/echo status=400 request_id=f7b2825a-0ee5-4cd9-820d-dfbea8c87f22 elapsed_ms=2.7
2026-07-25 07:49:53 | INFO | med_rag_api.main | app_created version=0.0.1 retrieval_mode=sample backend=constrained10
2026-07-25 07:49:53 | INFO | med_rag_api.middleware | request method=POST path=/api/v1/echo status=200 request_id=51c8e068-b4f4-4b91-a61d-006f663d0f0a elapsed_ms=2.7
2026-07-25 07:49:53 | INFO | med_rag_api.main | app_created version=0.0.1 retrieval_mode=sample backend=constrained10
2026-07-25 07:49:53 | WARNING | med_rag_api.app.core.exceptions | app_exception code=1001 status=400 path=/api/v1/_demo_error detail=demo param
2026-07-25 07:49:53 | INFO | med_rag_api.middleware | request method=GET path=/api/v1/_demo_error status=400 request_id=83d85a7c-a4e5-419b-8687-ae8dab4bd7f2 elapsed_ms=2.6
2026-07-25 07:49:53 | INFO | med_rag_api.main | app_created version=0.0.1 retrieval_mode=sample backend=constrained10
2026-07-25 07:49:53 | WARNING | med_rag_api.app.core.exceptions | app_exception code=4001 status=502 path=/api/v1/_demo_error detail=demo model
2026-07-25 07:49:53 | INFO | med_rag_api.middleware | request method=GET path=/api/v1/_demo_error status=502 request_id=a84ed77f-7287-48db-b891-480ce20289c5 elapsed_ms=2.5
2026-07-25 07:49:53 | INFO | med_rag_api.main | app_created version=0.0.1 retrieval_mode=sample backend=constrained10
2026-07-25 07:49:53 | ERROR | med_rag_api.middleware | request_failed method=GET path=/api/v1/_demo_error request_id=9db8cae2-58b3-4851-86ea-3c50ee233b50 elapsed_ms=2.3
Traceback (most recent call last):
  File "D:\谷歌\11 服务化与接口开发第一部分\app\core\middleware.py", line 29, in dispatch
    response = await call_next(request)
               ^^^^^^^^^^^^^^^^^^^^^^^^
  File "C:\Users\10138\miniconda3\envs\med-rag-verify\Lib\site-packages\starlette\middleware\base.py", line 168, in call_next
    raise app_exc from app_exc.__cause__ or app_exc.__context__
  File "C:\Users\10138\miniconda3\envs\med-rag-verify\Lib\site-packages\starlette\middleware\base.py", line 144, in coro
    await self.app(scope, receive_or_disconnect, send_no_error)
  File "C:\Users\10138\miniconda3\envs\med-rag-verify\Lib\site-packages\starlette\middleware\exceptions.py", line 63, in __call__
    await wrap_app_handling_exceptions(self.app, conn)(scope, receive, send)
  File "C:\Users\10138\miniconda3\envs\med-rag-verify\Lib\site-packages\starlette\_exception_handler.py", line 53, in wrapped_app
    raise exc
  File "C:\Users\10138\miniconda3\envs\med-rag-verify\Lib\site-packages\starlette\_exception_handler.py", line 42, in wrapped_app
    await app(scope, receive, sender)
  File "C:\Users\10138\miniconda3\envs\med-rag-verify\Lib\site-packages\fastapi\middleware\asyncexitstack.py", line 18, in __call__
    await self.app(scope, receive, send)
  File "C:\Users\10138\miniconda3\envs\med-rag-verify\Lib\site-packages\starlette\routing.py", line 660, in __call__
    await self.middleware_stack(scope, receive, send)
  File "C:\Users\10138\miniconda3\envs\med-rag-verify\Lib\site-packages\fastapi\routing.py", line 2685, in app
    await route.handle(scope, receive, send)
  File "C:\Users\10138\miniconda3\envs\med-rag-verify\Lib\site-packages\fastapi\routing.py", line 1766, in handle
    await self.original_router.handle(scope, receive, send)
  File "C:\Users\10138\miniconda3\envs\med-rag-verify\Lib\site-packages\fastapi\routing.py", line 2740, in handle
    await included_router._handle_selected(scope, receive, send)
  File "C:\Users\10138\miniconda3\envs\med-rag-verify\Lib\site-packages\fastapi\routing.py", line 1786, in _handle_selected
    await original_route.handle(scope, receive, send)
  File "C:\Users\10138\miniconda3\envs\med-rag-verify\Lib\site-packages\fastapi\routing.py", line 1265, in handle
    await app(scope, receive, send)
  File "C:\Users\10138\miniconda3\envs\med-rag-verify\Lib\site-packages\fastapi\routing.py", line 151, in app
    await wrap_app_handling_exceptions(app, request)(scope, receive, send)
  File "C:\Users\10138\miniconda3\envs\med-rag-verify\Lib\site-packages\starlette\_exception_handler.py", line 53, in wrapped_app
    raise exc
  File "C:\Users\10138\miniconda3\envs\med-rag-verify\Lib\site-packages\starlette\_exception_handler.py", line 42, in wrapped_app
    await app(scope, receive, sender)
  File "C:\Users\10138\miniconda3\envs\med-rag-verify\Lib\site-packages\fastapi\routing.py", line 137, in app
    response = await f(request)
               ^^^^^^^^^^^^^^^^
  File "C:\Users\10138\miniconda3\envs\med-rag-verify\Lib\site-packages\fastapi\routing.py", line 691, in app
    raw_response = await run_endpoint_function(
                   ^^^^^^^^^^^^^^^^^^^^^^^^^^^^
  File "C:\Users\10138\miniconda3\envs\med-rag-verify\Lib\site-packages\fastapi\routing.py", line 347, in run_endpoint_function
    return await run_in_threadpool(dependant.call, **values)
           ^^^^^^^^^^^^^^^^^^^^^^^^^^^^^^^^^^^^^^^^^^^^^^^^^
  File "C:\Users\10138\miniconda3\envs\med-rag-verify\Lib\site-packages\starlette\concurrency.py", line 34, in run_in_threadpool
    return await anyio.to_thread.run_sync(func)
           ^^^^^^^^^^^^^^^^^^^^^^^^^^^^^^^^^^^^
  File "C:\Users\10138\miniconda3\envs\med-rag-verify\Lib\site-packages\anyio\to_thread.py", line 63, in run_sync
    return await get_async_backend().run_sync_in_worker_thread(
           ^^^^^^^^^^^^^^^^^^^^^^^^^^^^^^^^^^^^^^^^^^^^^^^^^^^^
  File "C:\Users\10138\miniconda3\envs\med-rag-verify\Lib\site-packages\anyio\_backends\_asyncio.py", line 2518, in run_sync_in_worker_thread
    return await future
           ^^^^^^^^^^^^
  File "C:\Users\10138\miniconda3\envs\med-rag-verify\Lib\site-packages\anyio\_backends\_asyncio.py", line 1002, in run
    result = context.run(func, *args)
             ^^^^^^^^^^^^^^^^^^^^^^^^
  File "D:\谷歌\11 服务化与接口开发第一部分\app\api\health.py", line 97, in demo_error
    raise RuntimeError("demo boom")
RuntimeError: demo boom
2026-07-25 07:49:53 | ERROR | med_rag_api.app.core.exceptions | unhandled_error path=/api/v1/_demo_error
Traceback (most recent call last):
  File "C:\Users\10138\miniconda3\envs\med-rag-verify\Lib\site-packages\starlette\middleware\errors.py", line 164, in __call__
    await self.app(scope, receive, _send)
  File "C:\Users\10138\miniconda3\envs\med-rag-verify\Lib\site-packages\starlette\middleware\base.py", line 193, in __call__
    response = await self.dispatch_func(request, call_next)
               ^^^^^^^^^^^^^^^^^^^^^^^^^^^^^^^^^^^^^^^^^^^^
  File "D:\谷歌\11 服务化与接口开发第一部分\app\core\middleware.py", line 29, in dispatch
    response = await call_next(request)
               ^^^^^^^^^^^^^^^^^^^^^^^^
  File "C:\Users\10138\miniconda3\envs\med-rag-verify\Lib\site-packages\starlette\middleware\base.py", line 168, in call_next
    raise app_exc from app_exc.__cause__ or app_exc.__context__
  File "C:\Users\10138\miniconda3\envs\med-rag-verify\Lib\site-packages\starlette\middleware\base.py", line 144, in coro
    await self.app(scope, receive_or_disconnect, send_no_error)
  File "C:\Users\10138\miniconda3\envs\med-rag-verify\Lib\site-packages\starlette\middleware\exceptions.py", line 63, in __call__
    await wrap_app_handling_exceptions(self.app, conn)(scope, receive, send)
  File "C:\Users\10138\miniconda3\envs\med-rag-verify\Lib\site-packages\starlette\_exception_handler.py", line 53, in wrapped_app
    raise exc
  File "C:\Users\10138\miniconda3\envs\med-rag-verify\Lib\site-packages\starlette\_exception_handler.py", line 42, in wrapped_app
    await app(scope, receive, sender)
  File "C:\Users\10138\miniconda3\envs\med-rag-verify\Lib\site-packages\fastapi\middleware\asyncexitstack.py", line 18, in __call__
    await self.app(scope, receive, send)
  File "C:\Users\10138\miniconda3\envs\med-rag-verify\Lib\site-packages\starlette\routing.py", line 660, in __call__
    await self.middleware_stack(scope, receive, send)
  File "C:\Users\10138\miniconda3\envs\med-rag-verify\Lib\site-packages\fastapi\routing.py", line 2685, in app
    await route.handle(scope, receive, send)
  File "C:\Users\10138\miniconda3\envs\med-rag-verify\Lib\site-packages\fastapi\routing.py", line 1766, in handle
    await self.original_router.handle(scope, receive, send)
  File "C:\Users\10138\miniconda3\envs\med-rag-verify\Lib\site-packages\fastapi\routing.py", line 2740, in handle
    await included_router._handle_selected(scope, receive, send)
  File "C:\Users\10138\miniconda3\envs\med-rag-verify\Lib\site-packages\fastapi\routing.py", line 1786, in _handle_selected
    await original_route.handle(scope, receive, send)
  File "C:\Users\10138\miniconda3\envs\med-rag-verify\Lib\site-packages\fastapi\routing.py", line 1265, in handle
    await app(scope, receive, send)
  File "C:\Users\10138\miniconda3\envs\med-rag-verify\Lib\site-packages\fastapi\routing.py", line 151, in app
    await wrap_app_handling_exceptions(app, request)(scope, receive, send)
  File "C:\Users\10138\miniconda3\envs\med-rag-verify\Lib\site-packages\starlette\_exception_handler.py", line 53, in wrapped_app
    raise exc
  File "C:\Users\10138\miniconda3\envs\med-rag-verify\Lib\site-packages\starlette\_exception_handler.py", line 42, in wrapped_app
    await app(scope, receive, sender)
  File "C:\Users\10138\miniconda3\envs\med-rag-verify\Lib\site-packages\fastapi\routing.py", line 137, in app
    response = await f(request)
               ^^^^^^^^^^^^^^^^
  File "C:\Users\10138\miniconda3\envs\med-rag-verify\Lib\site-packages\fastapi\routing.py", line 691, in app
    raw_response = await run_endpoint_function(
                   ^^^^^^^^^^^^^^^^^^^^^^^^^^^^
  File "C:\Users\10138\miniconda3\envs\med-rag-verify\Lib\site-packages\fastapi\routing.py", line 347, in run_endpoint_function
    return await run_in_threadpool(dependant.call, **values)
           ^^^^^^^^^^^^^^^^^^^^^^^^^^^^^^^^^^^^^^^^^^^^^^^^^
  File "C:\Users\10138\miniconda3\envs\med-rag-verify\Lib\site-packages\starlette\concurrency.py", line 34, in run_in_threadpool
    return await anyio.to_thread.run_sync(func)
           ^^^^^^^^^^^^^^^^^^^^^^^^^^^^^^^^^^^^
  File "C:\Users\10138\miniconda3\envs\med-rag-verify\Lib\site-packages\anyio\to_thread.py", line 63, in run_sync
    return await get_async_backend().run_sync_in_worker_thread(
           ^^^^^^^^^^^^^^^^^^^^^^^^^^^^^^^^^^^^^^^^^^^^^^^^^^^^
  File "C:\Users\10138\miniconda3\envs\med-rag-verify\Lib\site-packages\anyio\_backends\_asyncio.py", line 2518, in run_sync_in_worker_thread
    return await future
           ^^^^^^^^^^^^
  File "C:\Users\10138\miniconda3\envs\med-rag-verify\Lib\site-packages\anyio\_backends\_asyncio.py", line 1002, in run
    result = context.run(func, *args)
             ^^^^^^^^^^^^^^^^^^^^^^^^
  File "D:\谷歌\11 服务化与接口开发第一部分\app\api\health.py", line 97, in demo_error
    raise RuntimeError("demo boom")
RuntimeError: demo boom
2026-07-25 07:49:53 | INFO | med_rag_api.main | app_created version=0.0.1 retrieval_mode=sample backend=constrained10
2026-07-25 07:49:53 | INFO | med_rag_api.middleware | request method=GET path=/health status=200 request_id=6fd9b17d-00ef-4d9b-be10-e67c1f48e4a3 elapsed_ms=2.8
2026-07-25 07:49:53 | INFO | med_rag_api.main | app_created version=0.0.1 retrieval_mode=sample backend=constrained10
2026-07-25 07:49:53 | INFO | med_rag_api.middleware | request method=GET path=/health status=200 request_id=fixed-rid-123 elapsed_ms=2.7
2026-07-25 07:49:53 | INFO | med_rag_api.main | app_created version=0.0.1 retrieval_mode=sample backend=constrained10
2026-07-25 07:49:53 | INFO | med_rag_api.middleware | request method=GET path=/ready status=200 request_id=e2892342-3bbb-426c-8683-095825ac9f61 elapsed_ms=2.2
2026-07-25 07:49:53 | INFO | med_rag_api.main | app_created version=0.0.1 retrieval_mode=sample backend=constrained10
2026-07-25 07:49:53 | INFO | med_rag_api.middleware | request method=GET path=/ status=200 request_id=38242d3b-ba07-4662-af72-f8419fb1c050 elapsed_ms=4.3
2026-07-25 07:49:53 | INFO | med_rag_api.main | app_created version=0.0.1 retrieval_mode=sample backend=constrained10
2026-07-25 07:49:53 | INFO | med_rag_api.qa_logger | qa_call status=ok code=0 request_id=fb0984c0-fc95-40af-a8b5-583808d22e79 latency_ms=0.1
2026-07-25 07:49:53 | INFO | med_rag_api.middleware | request method=POST path=/api/v1/qa status=200 request_id=fb0984c0-fc95-40af-a8b5-583808d22e79 elapsed_ms=6.9
2026-07-25 07:49:53 | INFO | med_rag_api.main | app_created version=0.0.1 retrieval_mode=sample backend=constrained10
2026-07-25 07:49:53 | INFO | med_rag_api.app.core.exceptions | validation_error path=/api/v1/qa errors=[{'type': 'string_too_short', 'loc': ('body', 'query'), 'msg': 'String should have at least 1 character', 'input': '', 'ctx': {'min_length': 1}}]
2026-07-25 07:49:53 | INFO | med_rag_api.middleware | request method=POST path=/api/v1/qa status=400 request_id=9dcc4b18-cd14-4314-a1b7-c5539eceb941 elapsed_ms=5.4
2026-07-25 07:49:53 | INFO | med_rag_api.main | app_created version=0.0.1 retrieval_mode=sample backend=constrained10
2026-07-25 07:49:53 | INFO | med_rag_api.app.core.exceptions | validation_error path=/api/v1/qa errors=[{'type': 'less_than_equal', 'loc': ('body', 'top_k'), 'msg': 'Input should be less than or equal to 20', 'input': 999, 'ctx': {'le': 20}}]
2026-07-25 07:49:53 | INFO | med_rag_api.middleware | request method=POST path=/api/v1/qa status=400 request_id=3203e183-753c-46eb-a90e-1eac455c2dbe elapsed_ms=5.5
2026-07-25 07:49:53 | INFO | med_rag_api.main | app_created version=0.0.1 retrieval_mode=sample backend=constrained10
2026-07-25 07:49:54 | INFO | med_rag_api.qa_logger | qa_call status=ok code=0 request_id=d401c969-6aa2-4084-b18e-d79364e342bb latency_ms=0.1
2026-07-25 07:49:54 | INFO | med_rag_api.middleware | request method=POST path=/api/v1/qa status=200 request_id=d401c969-6aa2-4084-b18e-d79364e342bb elapsed_ms=6.8
2026-07-25 07:49:54 | INFO | med_rag_api.qa_logger | qa_call status=ok code=0 request_id=a61808d1-f06e-451e-b171-f5b3d8533383 latency_ms=0.0
2026-07-25 07:49:54 | INFO | med_rag_api.middleware | request method=POST path=/api/v1/qa status=200 request_id=a61808d1-f06e-451e-b171-f5b3d8533383 elapsed_ms=2.2
2026-07-25 07:49:54 | INFO | med_rag_api.middleware | request method=GET path=/api/v1/sessions/805a209e-2824-4c3a-b263-33c8d86fd5ef status=200 request_id=e21c9a3b-587f-47b2-afbb-cda9564cc6f2 elapsed_ms=1.2
2026-07-25 07:49:54 | INFO | med_rag_api.main | app_created version=0.0.1 retrieval_mode=sample backend=constrained10
2026-07-25 07:49:54 | INFO | med_rag_api.middleware | request method=POST path=/api/v1/qa/stream status=200 request_id=2291b59b-d032-4ca1-a4cc-2b183cc099bf elapsed_ms=5.2
2026-07-25 07:49:54 | INFO | med_rag_api.qa_logger | qa_call status=ok code=0 request_id=2291b59b-d032-4ca1-a4cc-2b183cc099bf latency_ms=0.6
2026-07-25 07:49:54 | INFO | med_rag_api.main | app_created version=0.0.1 retrieval_mode=sample backend=constrained10
2026-07-25 07:49:54 | INFO | med_rag_api.app.core.exceptions | validation_error path=/api/v1/qa/stream errors=[{'type': 'string_too_short', 'loc': ('body', 'query'), 'msg': 'String should have at least 1 character', 'input': '', 'ctx': {'min_length': 1}}]
2026-07-25 07:49:54 | INFO | med_rag_api.middleware | request method=POST path=/api/v1/qa/stream status=400 request_id=68c79866-1a0a-439a-85b4-ad37b0a8a3e3 elapsed_ms=6.7
2026-07-25 07:49:54 | INFO | med_rag_api.main | app_created version=0.0.1 retrieval_mode=sample backend=constrained10
2026-07-25 07:49:54 | INFO | med_rag_api.middleware | request method=POST path=/api/v1/qa/stream status=200 request_id=b36e1601-b4c9-4e68-84cb-b2444395a605 elapsed_ms=6.5
2026-07-25 07:49:54 | INFO | med_rag_api.qa_logger | qa_call status=error code=4001 request_id=b36e1601-b4c9-4e68-84cb-b2444395a605 latency_ms=0.2
2026-07-25 07:49:54 | INFO | med_rag_api.main | app_created version=0.0.1 retrieval_mode=sample backend=constrained10
2026-07-25 07:49:54 | INFO | med_rag_api.main | app_created version=0.0.1 retrieval_mode=sample backend=constrained10
2026-07-25 07:49:54 | INFO | med_rag_api.middleware | request method=GET path=/ status=200 request_id=eba4607e-4829-4939-a13d-de373177175d elapsed_ms=3.3
2026-07-25 07:52:35 | INFO | med_rag_api.main | app_created version=0.0.1 retrieval_mode=sample backend=constrained10
2026-07-25 07:52:42 | INFO | med_rag_api.middleware | request method=GET path=/ status=200 request_id=edc663eb-31da-4211-8065-b88891d5782c elapsed_ms=4.7
2026-07-25 07:53:01 | INFO | med_rag_api.middleware | request method=GET path=/docs status=200 request_id=7edcdf95-4b19-4708-b8d0-c05787111ea1 elapsed_ms=0.2
2026-07-25 07:53:01 | INFO | med_rag_api.middleware | request method=GET path=/openapi.json status=200 request_id=23be2be3-48b4-413f-a472-e80b7b563260 elapsed_ms=27.2
2026-07-25 07:54:14 | INFO | med_rag_api.middleware | request method=GET path=/ status=200 request_id=98eabac0-fb4b-4641-b470-8d0ef130659d elapsed_ms=0.6
2026-07-25 07:54:20 | INFO | med_rag_api.middleware | request method=GET path=/ status=200 request_id=a35f1a93-d817-4b74-98d8-f6eaf31eb01e elapsed_ms=0.5
2026-07-25 07:54:28 | INFO | med_rag_api.middleware | request method=GET path=/ready status=200 request_id=236c8992-8f4f-46d8-a696-329cdcef44bf elapsed_ms=1.1
2026-07-25 07:54:41 | INFO | med_rag_api.middleware | request method=GET path=/health status=200 request_id=7dd297fe-51a3-4d3f-9851-eaf284d9b0af elapsed_ms=0.8
2026-07-25 07:56:45 | INFO | med_rag_api.main | app_created version=0.0.1 retrieval_mode=sample backend=constrained10
2026-07-25 07:56:47 | INFO | med_rag_api.middleware | request method=GET path=/ status=200 request_id=5a5a79b8-ba8e-46b4-8d73-d8a79bb476a1 elapsed_ms=4.4
2026-07-25 07:57:27 | INFO | med_rag_api.middleware | request method=GET path=/ready status=200 request_id=a298d5cc-637b-457d-a8b7-00307d4abfda elapsed_ms=1.1
2026-07-25 07:57:34 | INFO | med_rag_api.middleware | request method=GET path=/health status=200 request_id=31cf0772-b41d-471b-8990-5246497f762b elapsed_ms=0.9
2026-07-25 07:57:42 | INFO | med_rag_api.middleware | request method=GET path=/docs status=200 request_id=a94aa372-f499-456b-8648-c78d2556ba15 elapsed_ms=0.2
2026-07-25 07:57:42 | INFO | med_rag_api.middleware | request method=GET path=/openapi.json status=200 request_id=1f0bf361-36a5-4c2a-9bba-a8643306097a elapsed_ms=22.7
